record_id,transformer_id,reading_date,dissolved_gas_ppm,oil_temp_c
OIL-001506,TXR-0220,2023-08-18,34.898648331250826,63.63481550874493
OIL-000576,TXR-0084,2023-01-07,33.25681709757268,58.18675539290145
OIL-000756,TXR-0111,2023-08-25,82.0535379216048,54.4114787834056
OIL-001454,TXR-0212,2023-12-12,77.23431684616772,53.69669642132471
OIL-000490,TXR-0073,2023-01-22,99.33799108471581,69.26678111158827
OIL-001143,TXR-0166,2023-03-13,148.72941350962995,54.941615984809225
OIL-000106,TXR-0016,2023-06-18,154.25017335215495,61.157838437052774
OIL-001401,TXR-0204,2023-06-19,195.44160567977175,62.00993705169962
OIL-001416,TXR-0207,2023-09-13,147.5534992123457,49.14807448593331
OIL-001122,TXR-0163,2023-04-20,42.47770004656959,45.16701482190952
OIL-000222,TXR-0035,2023-07-21,90.20429919104758,50.54415373207533
OIL-000496,TXR-0074,2024-03-05,57.5483316291432,45.80190774433394
OIL-000723,TXR-0106,2023-03-28,134.3484265296761,55.698318594032976
OIL-000653,TXR-0096,2024-01-22,80.41647994062006,61.88615111232304
OIL-001346,TXR-0196,2023-10-18,82.81593561276084,51.587516084564584
OIL-001211,TXR-0176,2023-10-19,98.91126502241218,62.319706502933386
OIL-000888,TXR-0129,2024-06-09,51.50390694326484,45.16330850244415
OIL-000360,TXR-0056,2024-05-10,87.85614622383369,59.48964396000141
OIL-000870,TXR-0126,2023-05-11,45.3352289037296,64.49524889939683
OIL-001251,TXR-0182,2023-08-16,38.08036770543561,49.57764005331199
OIL-000132,TXR-0021,2023-08-05,90.73655569297114,59.991353065279554
OIL-000961,TXR-0138,2024-05-19,106.24857590097008,70.70593161598475
OIL-000291,TXR-0046,2023-03-08,78.27152070461148,50.26494401306594
OIL-001274,TXR-0186,2023-11-09,90.42534862953933,51.58085528340973
OIL-000449,TXR-0068,2023-10-13,130.85453010654888,35.88543401127927
OIL-000351,TXR-0055,2023-01-04,112.66123998837645,54.40127502358103
OIL-001001,TXR-0145,2024-06-14,23.30213754155722,50.66584108389743
OIL-001156,TXR-0168,2024-06-06,24.306069644372553,65.41770432868394
OIL-000202,TXR-0032,2023-07-15,82.73297240895518,58.11308224162658
OIL-001481,TXR-0215,2023-09-19,81.53113737820534,50.85822803016342
OIL-000548,TXR-0081,2023-04-30,126.45819140301275,60.53473115919771
OIL-000160,TXR-0026,2024-01-13,117.09260407680969,55.62042927463565
OIL-001214,TXR-0176,2023-03-16,115.86252638207546,61.3845845775248
OIL-001424,TXR-0208,2023-11-19,52.880047503069875,53.73837740752938
OIL-001003,TXR-0145,2024-04-12,0.0,44.80272782674062
OIL-000135,TXR-0022,2023-03-04,142.75637757096692,53.124992092098466
OIL-000450,TXR-0068,2024-04-14,128.34102161618102,39.782956676577776
OIL-000260,TXR-0041,2024-05-20,143.62761652413454,60.067949891939236
OIL-000507,TXR-0075,2024-06-13,81.0258846949866,51.24990126210843
OIL-001176,TXR-0171,2023-11-18,110.55774905161115,51.92303929442744
OIL-000559,TXR-0082,2023-09-25,69.60018974688971,48.31890135604608
OIL-001061,TXR-0155,2023-02-27,69.296307700258,44.8659276902563
OIL-000567,TXR-0083,2024-05-18,133.57793704774573,63.38611885180175
OIL-000914,TXR-0132,2023-05-07,139.60286549075911,63.1155498090685
OIL-001233,TXR-0178,2023-08-13,99.47553452341783,47.958718762923134
OIL-001564,TXR-0228,2024-04-30,51.31808076537776,49.37153569550819
OIL-000281,TXR-0045,2024-06-29,59.96607758911314,51.229424846765546
OIL-000276,TXR-0044,2023-02-10,75.92335786496949,50.744890725442154
OIL-000964,TXR-0139,2023-06-25,88.07295177765525,60.49494872604908
OIL-000399,TXR-0061,2023-07-11,41.500781122111405,59.793559824187554
OIL-000228,TXR-0036,2023-11-05,49.38129398101081,54.47256919146512
OIL-001092,TXR-0159,2024-04-15,105.13685967620634,50.08937226431738
OIL-000190,TXR-0030,2023-05-16,152.08535330506396,52.23208356502493
OIL-000549,TXR-0081,2023-02-23,102.68576210966415,55.75176469037408
OIL-000254,TXR-0041,2024-04-06,166.61871949365778,64.06943054846171
OIL-000267,TXR-0043,2023-03-15,98.04847240977978,45.61277472839821
OIL-001047,TXR-0153,2023-04-13,182.06342764174553,53.85115102392639
OIL-000912,TXR-0132,2023-01-25,126.60250259998963,65.60115728963909
OIL-000494,TXR-0074,2024-04-10,39.76555812476078,48.94520213597501
OIL-000578,TXR-0084,2024-03-29,12.639339278136218,61.055325805776455
OIL-000415,TXR-0063,2024-03-08,254.2302458994642,68.01689151317201
OIL-000897,TXR-0130,2023-04-21,71.19326969037097,65.37938681656095
OIL-000709,TXR-0104,2023-08-17,78.19491124969713,46.52260918393357
OIL-000428,TXR-0065,2023-05-13,53.00166413501017,39.015187977217565
OIL-000854,TXR-0124,2023-06-07,134.6965588515809,50.76427135747225
OIL-001587,TXR-0231,2023-01-02,68.65469328476387,52.62743144553861
OIL-000643,TXR-0095,2024-04-01,42.36188262983427,41.4974753246058
OIL-000285,TXR-0045,2023-10-06,40.64453476274906,51.90503827949259
OIL-001075,TXR-0157,2024-01-31,122.21750617185145,59.411110849079066
OIL-000545,TXR-0080,2023-06-08,106.607656593381,62.09032838748876
OIL-001512,TXR-0220,2023-02-05,52.63265231956561,55.47150435533336
OIL-000043,TXR-0006,2023-08-20,77.54219272733285,44.470233428768566
OIL-000985,TXR-0143,2024-05-25,58.75578160268206,54.8571214387275
OIL-001328,TXR-0194,2024-03-31,112.45115320371599,68.80044289854406
OIL-000204,TXR-0032,2023-11-30,60.09820034367486,52.92725083008565
OIL-001596,TXR-0232,2024-02-25,152.94579403548022,50.61514998360083
OIL-000455,TXR-0068,2023-12-08,121.06576297355996,37.50831031289263
OIL-000233,TXR-0037,2023-12-22,96.41492886602667,68.20991593582103
OIL-001531,TXR-0224,2023-04-04,62.18896153556268,38.76181731714296
OIL-000903,TXR-0131,2023-06-08,92.89573553043195,61.135798521173065
OIL-000945,TXR-0136,2023-08-11,184.6123454937843,35.248822242675125
OIL-001518,TXR-0221,2023-04-20,71.19436689733678,59.02794214829951
OIL-000149,TXR-0024,2023-03-23,56.4219305256993,57.063812923772026
OIL-001392,TXR-0203,2023-05-14,90.6702244484945,60.79893138371757
OIL-001151,TXR-0167,2024-03-27,103.96571603666854,59.70555966593557
OIL-001193,TXR-0174,2023-05-27,108.28821468927424,62.602813218113866
OIL-000303,TXR-0048,2024-01-03,12.829376298739028,58.03870717771962
OIL-001520,TXR-0222,2023-09-25,56.92107316148681,60.64755484266555
OIL-001527,TXR-0223,2024-05-15,103.59757616382764,53.87945605152346
OIL-000501,TXR-0074,2024-03-07,52.0459528434059,40.42194897856973
OIL-000257,TXR-0041,2023-10-13,148.02650692886655,55.35240431861615
OIL-001093,TXR-0159,2023-04-15,88.32324641974165,54.15816798454477
OIL-001256,TXR-0183,2024-02-09,76.72675984509677,61.58383721935225
OIL-000054,TXR-0009,2023-10-29,91.57383250570778,51.1114052144045
OIL-000448,TXR-0067,2023-06-24,42.514672085195514,67.25485949727134
OIL-000264,TXR-0042,2024-04-09,93.07854057319732,55.07151881926994
OIL-000379,TXR-0058,2023-02-13,67.49218477258621,49.052070011577484
OIL-001554,TXR-0227,2023-10-17,103.08815051844981,51.99487924761092
OIL-001577,TXR-0229,2023-04-12,34.032081757736066,55.79033284624329
OIL-000815,TXR-0119,2023-08-06,69.03731875939798,57.09141335425007
OIL-000409,TXR-0062,2023-10-28,31.6739424521236,65.15293071913408
OIL-000615,TXR-0090,2023-10-20,84.90253384053959,60.37702169603189
OIL-001459,TXR-0213,2024-05-06,0.0,61.89572714705761
OIL-000610,TXR-0090,2023-08-20,91.26245588663352,60.376365936437324
OIL-000346,TXR-0055,2024-02-05,117.3837620116545,56.46396916654845
OIL-000506,TXR-0075,2024-05-08,98.34256083427827,57.99651285188147
OIL-001089,TXR-0159,2024-05-27,105.20629072646052,53.63202645889666
OIL-000499,TXR-0074,2024-03-08,76.8378039368308,43.47481299735421
OIL-001182,TXR-0172,2024-05-08,100.96735310991245,58.27240589232996
OIL-001573,TXR-0229,2023-11-01,34.33357308355963,60.051391435926035
OIL-000424,TXR-0065,2023-05-14,63.90934210403179,43.119560438860276
OIL-000459,TXR-0069,2023-01-12,100.46274412665174,50.8916294158351
OIL-000805,TXR-0118,2024-04-06,84.77719116885464,61.33365555519249
OIL-001340,TXR-0195,2023-01-11,24.584296072328222,57.39801239765781
OIL-000256,TXR-0041,2023-06-30,159.621140750143,62.89372841944574
OIL-001411,TXR-0206,2024-03-20,105.79883269327256,50.1557603755772
OIL-001399,TXR-0204,2023-09-02,188.04725319500733,53.80225924046364
OIL-001266,TXR-0184,2023-12-20,95.71221356249808,47.96498427724554
OIL-001286,TXR-0188,2024-03-20,61.27792861364687,51.761739619042906
OIL-000579,TXR-0085,2024-01-25,57.28890854452104,68.02119590049298
OIL-000300,TXR-0047,2024-01-09,56.529061355105156,82.63061936934281
OIL-000344,TXR-0054,2024-05-28,45.75219261548581,42.06653136050717
OIL-000293,TXR-0047,2023-09-29,49.24659223339624,60.385736172879234
OIL-000703,TXR-0104,2024-05-09,57.243476179759554,47.16137863028338
OIL-000075,TXR-0012,2023-06-10,55.6912946870803,43.0020441521048
OIL-000737,TXR-0108,2024-03-27,144.07025652562987,56.84445740983643
OIL-001184,TXR-0172,2024-01-15,109.97171173840376,63.41952678900189
OIL-000288,TXR-0046,2024-01-19,74.21404675891003,58.07191712295365
OIL-001511,TXR-0220,2023-09-03,40.79692662772899,64.89749090583233
OIL-000883,TXR-0128,2024-03-16,60.169204630372704,53.91512892818277
OIL-000391,TXR-0060,2024-04-02,403.38275280853526,53.97069127937555
OIL-000593,TXR-0087,2024-03-09,67.06210235779733,59.70975211144692
OIL-000474,TXR-0070,2024-03-03,119.79518915557586,62.588380555856226
OIL-001445,TXR-0211,2024-04-13,120.28474776912958,50.012751207991144
OIL-001066,TXR-0156,2024-05-18,67.2856469162364,46.67000590061262
OIL-000853,TXR-0124,2023-06-23,115.6708399467207,54.57098489391568
OIL-001108,TXR-0161,2023-08-14,103.56975084127903,55.669520743884576
OIL-000198,TXR-0031,2023-01-22,81.57048149807108,47.10796169769602
OIL-001537,TXR-0225,2023-10-03,14.143936158922763,53.70357405819296
OIL-000839,TXR-0123,2024-05-17,80.54050719850305,45.60706611292534
OIL-001525,TXR-0223,2023-06-20,98.71718101900026,50.7834780830682
OIL-001386,TXR-0201,2024-05-03,51.517760329244595,53.968116201668515
OIL-000235,TXR-0038,2023-03-06,82.94357904629976,53.57757429016389
OIL-000642,TXR-0095,2023-09-25,57.02683742529716,49.125602545731425
OIL-000517,TXR-0077,2023-11-08,210.5563147324674,49.33244327075957
OIL-000199,TXR-0031,2023-01-07,75.00902807952103,43.0814342532766
OIL-000475,TXR-0071,2023-03-15,42.16790574613641,70.58312878881462
OIL-000144,TXR-0023,2024-01-11,42.02248740446324,61.624800808975984
OIL-000981,TXR-0142,2023-05-07,46.39453837377074,52.8841136403937
OIL-001165,TXR-0170,2023-06-13,64.97807385710306,57.2556591479871
OIL-001336,TXR-0195,2023-11-20,69.94906530078994,44.86672484968503
OIL-000726,TXR-0106,2023-01-24,130.78236497656445,54.5279513118543
OIL-000813,TXR-0119,2023-08-02,85.70061129980276,54.250323142746936
OIL-000677,TXR-0099,2024-05-07,138.25676393944082,42.869605215266915
OIL-000999,TXR-0145,2023-11-12,8.576345157567303,50.60803755727807
OIL-001582,TXR-0230,2024-01-03,84.10490626232954,58.10978342405477
OIL-001200,TXR-0175,2023-11-27,53.570808995044146,66.9950915308872
OIL-000451,TXR-0068,2023-03-24,122.7516857829418,34.551983840008575
OIL-000959,TXR-0138,2024-02-22,90.9925667515999,59.745037035186996
OIL-000479,TXR-0071,2024-06-09,257.3945143612772,48.54174552710624
OIL-001152,TXR-0167,2024-03-12,99.36925289280599,51.72033068286023
OIL-000764,TXR-0112,2023-05-27,66.58733818203244,63.8713996489604
OIL-000884,TXR-0128,2023-06-14,103.71468229559203,45.63558390473423
OIL-001145,TXR-0166,2024-01-21,160.94521406978802,44.18807959852505
OIL-001260,TXR-0184,2024-02-29,96.20305418724755,54.660134134022286
OIL-001574,TXR-0229,2024-01-19,43.27435704021288,61.95842330957784
OIL-001019,TXR-0148,2023-06-04,120.01194114266112,48.484550432574835
OIL-001484,TXR-0216,2023-02-10,116.98763053917368,52.78246955625567
OIL-000076,TXR-0013,2023-03-30,138.07556656280167,45.634050762348615
OIL-000248,TXR-0040,2024-01-07,150.95115535291228,57.49668585528993
OIL-000787,TXR-0115,2023-12-10,99.14990332635145,68.73523635301132
OIL-000887,TXR-0128,2024-01-17,80.08214130173036,56.595094145371284
OIL-001339,TXR-0195,2023-07-24,48.378882112087496,50.99278024957892
OIL-000797,TXR-0117,2024-02-26,125.7956571710563,53.98335348971084
OIL-001407,TXR-0205,2023-09-09,147.9830344319069,35.21308989446735
OIL-000229,TXR-0037,2023-08-27,113.52409115345368,66.91483599251075
OIL-000954,TXR-0138,2023-07-01,74.7841871079656,54.555246081867615
OIL-001235,TXR-0179,2024-01-15,80.09969939329278,65.24690653399209
OIL-000486,TXR-0072,2023-09-23,96.74275406167882,47.756425571196026
OIL-001013,TXR-0147,2023-04-18,151.71444951866934,60.999239141072735
OIL-001136,TXR-0165,2023-07-23,134.36477464628416,53.39233152724896
OIL-000982,TXR-0142,2024-06-03,70.53764147208534,43.359143289830996
OIL-000142,TXR-0023,2023-06-08,62.35861656542602,62.8202856509902
OIL-000242,TXR-0039,2023-01-17,122.02979816524024,44.538159367488234
OIL-000027,TXR-0004,2023-11-29,98.49790380506876,42.55609641374618
OIL-001000,TXR-0145,2023-06-29,11.781311019211689,47.68906104685111
OIL-001305,TXR-0190,2023-10-17,48.36732611232863,39.271151757097684
OIL-001492,TXR-0218,2023-08-03,61.147518326829854,51.20660364398418
OIL-000095,TXR-0015,2023-12-25,0.0,51.86651144075093
OIL-001012,TXR-0147,2024-05-11,162.3805383426368,53.67322717507351
OIL-000724,TXR-0106,2023-02-02,148.78714960090988,52.50599038782378
OIL-001078,TXR-0157,2023-10-25,130.16509267341453,64.29778103705897
OIL-000527,TXR-0078,2023-01-29,155.22080518578147,44.906204887375516
OIL-000347,TXR-0055,2023-10-10,105.77288937015882,50.631060939746604
OIL-001123,TXR-0163,2023-06-15,27.263990118497652,48.88672177808547
OIL-001310,TXR-0191,2024-01-02,71.80061038398416,44.30526852950403
OIL-001351,TXR-0196,2023-10-01,55.851667944585024,53.93967648097379
OIL-000721,TXR-0106,2023-01-29,142.65834156796507,54.99390079269308
OIL-000290,TXR-0046,2023-05-05,90.21801134238628,46.99472293061869
OIL-001064,TXR-0155,2023-02-22,51.95340815883403,46.47308264350155
OIL-000400,TXR-0061,2023-05-19,15.982277022808468,49.88468169251213
OIL-000812,TXR-0119,2023-01-30,94.36391390948498,50.95520679000141
OIL-001329,TXR-0194,2023-09-07,370.51455301580745,59.828985134483126
OIL-001379,TXR-0200,2023-06-29,111.24518648637786,41.786726970836966
OIL-000216,TXR-0034,2023-01-31,84.18147609836288,50.195940256434945
OIL-001366,TXR-0198,2024-04-03,0.0,51.010822094260504
OIL-000066,TXR-0011,2024-04-11,80.99356475292214,46.63202071443162
OIL-000426,TXR-0065,2023-01-13,40.36761666852086,50.93056925225891
OIL-001032,TXR-0150,2024-06-26,124.015916984747,59.401680988833014
OIL-001382,TXR-0200,2023-05-01,114.0401445050095,46.70393208802152
OIL-001127,TXR-0164,2024-02-23,129.01730979040983,47.125041498509574
OIL-001077,TXR-0157,2024-02-08,139.60499911333477,48.6342497135083
OIL-001312,TXR-0192,2024-02-19,22.263530597412732,69.9490384364123
OIL-000863,TXR-0126,2023-11-15,85.5799980533693,62.37662194518013
OIL-000033,TXR-0005,2024-02-13,106.66150479132205,49.014207248268974
OIL-000547,TXR-0081,2023-09-12,103.38368678959924,69.45940850288792
OIL-000440,TXR-0067,2024-05-10,42.71350211054,62.34788822169297
OIL-001306,TXR-0190,2023-04-28,63.72308664047932,52.63681133866686
OIL-001113,TXR-0161,2024-03-23,97.05776613236593,57.5300085635854
OIL-001403,TXR-0205,2023-03-04,153.1053599620947,41.47792889102009
OIL-000636,TXR-0094,2024-02-13,0.0,49.190017061950016
OIL-001330,TXR-0194,2023-02-27,121.28059493639853,57.79235836929728
OIL-000074,TXR-0012,2023-10-26,64.18831112573172,50.43809930206941
OIL-001120,TXR-0163,2023-02-18,30.855937720929298,40.618061171806666
OIL-000261,TXR-0041,2024-01-03,140.85797159833828,60.63583087985655
OIL-001166,TXR-0170,2023-03-02,86.56934818149922,50.241900267019176
OIL-000988,TXR-0143,2024-01-28,91.04059247514978,54.35258378178242
OIL-000315,TXR-0050,2024-01-19,30.80198765201448,53.21283761045755
OIL-000020,TXR-0003,2024-04-11,121.08131021021975,57.11087189351768
OIL-000641,TXR-0095,2023-01-06,84.95278843889136,44.772031376567384
OIL-000418,TXR-0063,2023-03-06,31.011696942520906,65.00076358487279
OIL-000356,TXR-0056,2024-04-20,89.24070320356313,53.03669206886874
OIL-000038,TXR-0006,2023-08-31,48.781636587026256,38.24225520784198
OIL-000050,TXR-0008,2024-01-23,96.03346379038167,52.4211650671572
OIL-001025,TXR-0149,2023-05-22,9.441752959668456,53.412546993148354
OIL-000531,TXR-0079,2023-08-28,60.9780126009427,53.04780738999802
OIL-001195,TXR-0174,2023-09-20,100.08485474622773,56.245039739378875
OIL-000126,TXR-0020,2024-01-11,83.62647544154697,59.36472214076234
OIL-000993,TXR-0144,2024-05-18,118.51096783509419,61.36474143258462
OIL-000226,TXR-0036,2023-02-24,28.477566767555317,52.62853948876759
OIL-000806,TXR-0118,2024-01-05,74.16699007385208,62.063209848689425
OIL-000746,TXR-0109,2023-10-03,35.86870055857863,53.91389831438774
OIL-001494,TXR-0218,2023-10-13,46.98133414363593,46.406434560601305
OIL-000829,TXR-0121,2024-06-27,88.3060770746215,66.08854920708572
OIL-001210,TXR-0176,2024-02-11,127.12074880170377,42.12561901205952
OIL-000005,TXR-0002,2024-03-22,123.36797828033667,42.60811937632258
OIL-001331,TXR-0194,2023-03-23,117.9215128881489,62.03527903083198
OIL-001171,TXR-0170,2024-04-17,92.5305683013579,48.755640815374896
OIL-000096,TXR-0015,2023-01-30,12.985269724968159,39.07568621014114
OIL-000407,TXR-0062,2023-10-14,38.045742122457796,61.20950515663603
OIL-001502,TXR-0219,2023-04-18,10.19108408539891,55.23017361012478
OIL-000730,TXR-0107,2024-04-04,2.0200022756064264,53.66384332137945
OIL-000712,TXR-0105,2023-11-27,70.71807197608561,65.22825786712555
OIL-001187,TXR-0173,2024-05-06,106.5591159570845,49.185555536395086
OIL-000523,TXR-0078,2023-07-22,166.97844544079337,40.00580339311762
OIL-000581,TXR-0085,2024-02-21,63.76540213791625,54.65002128927789
OIL-001055,TXR-0154,2024-04-07,110.42993123762943,61.22241273131341
OIL-000156,TXR-0025,2024-03-07,80.24695403717959,53.780005859358056
OIL-000154,TXR-0025,2023-08-17,62.917275049965056,50.85387380828927
OIL-000263,TXR-0042,2023-10-03,90.0023271033714,53.16159345036899
OIL-000879,TXR-0128,2023-02-17,66.87354406801639,47.84797926710514
OIL-001440,TXR-0210,2023-10-16,68.65345257926202,54.5207563728303
OIL-000299,TXR-0047,2023-06-17,37.07570496452195,66.29029653702288
OIL-001475,TXR-0214,2023-02-15,0.0,55.75581323784113
OIL-000429,TXR-0065,2024-01-17,42.58291278782278,46.74856620618098
OIL-001360,TXR-0198,2024-04-01,0.0,58.09362370974233
OIL-001023,TXR-0149,2023-11-07,0.8418372306598574,56.306601064555736
OIL-000094,TXR-0015,2023-11-22,0.0,44.37372076405944
OIL-000603,TXR-0089,2023-02-26,124.99040294101204,76.83647469453479
OIL-001543,TXR-0225,2023-07-10,5.916294404321543,60.03038484540237
OIL-000318,TXR-0050,2024-02-21,67.91759539103617,46.10226518396623
OIL-000386,TXR-0059,2023-01-10,106.57933005519317,48.89507013077986
OIL-001219,TXR-0177,2023-08-19,124.69347279113285,60.23558011919219
OIL-000623,TXR-0092,2024-05-28,162.0255963466218,40.26032135920338
OIL-001027,TXR-0149,2024-05-16,4.3832807638694025,54.106096532112694
OIL-000933,TXR-0134,2024-05-09,7.027290730580646,52.84643712297172
OIL-001406,TXR-0205,2023-01-02,157.2441210417984,42.099838016301085
OIL-000619,TXR-0091,2024-05-15,149.48314794190344,62.85205004618358
OIL-001159,TXR-0169,2024-06-21,92.38683917418987,50.7541775541261
OIL-000283,TXR-0045,2023-02-23,53.78091129801149,62.59978065055043
OIL-000978,TXR-0142,2023-03-06,67.50139179011963,43.77700213493661
OIL-001132,TXR-0165,2023-07-03,145.02012403875833,57.86420232740125
OIL-001583,TXR-0230,2023-08-25,98.92422955279959,63.48929197047571
OIL-001281,TXR-0187,2023-02-18,109.73595972416689,68.57364806258715
OIL-000462,TXR-0069,2023-05-14,93.79351234416255,58.15371751965997
OIL-000266,TXR-0043,2023-01-19,58.87676851976878,42.01904165845497
OIL-000070,TXR-0011,2023-01-10,93.83233247650193,47.27882184374396
OIL-000279,TXR-0045,2023-07-22,31.680402455075836,51.65394801590644
OIL-000406,TXR-0062,2023-12-13,16.712497951016704,62.91955539042511
OIL-001347,TXR-0196,2023-03-11,59.67419419935673,57.244590170297606
OIL-001493,TXR-0218,2023-04-26,43.89276791595597,54.77974040457839
OIL-001348,TXR-0196,2023-05-18,77.86732958279595,55.81704523992096
OIL-000097,TXR-0016,2024-01-22,139.4401458834524,64.95795236628607
OIL-000430,TXR-0066,2024-02-04,30.897967756810353,75.22922579879545
OIL-000359,TXR-0056,2023-05-21,72.92961659983787,49.669729418189114
OIL-001232,TXR-0178,2023-03-11,79.2467742929507,50.23941578086012
OIL-000240,TXR-0039,2023-06-21,98.44812529031468,51.40625272210912
OIL-000580,TXR-0085,2024-04-25,29.75158957444317,56.861845814940644
OIL-000875,TXR-0127,2023-07-08,138.96195783861845,49.47636826356001
OIL-001024,TXR-0149,2024-02-02,0.0,54.08162141445983
OIL-000378,TXR-0058,2023-11-17,69.17178362261349,59.066430326987344
OIL-000732,TXR-0107,2024-03-04,14.370656558961015,58.51822534822747
OIL-000093,TXR-0015,2023-08-19,9.635873118867131,50.42669349235644
OIL-000658,TXR-0097,2023-04-25,71.74482737396526,60.21262491251865
OIL-000823,TXR-0120,2024-06-27,121.48733740075821,59.04911345854946
OIL-000976,TXR-0141,2023-12-05,98.10891512019964,54.12103381310736
OIL-000221,TXR-0035,2023-04-25,74.88039182627945,43.33468250198292
OIL-000343,TXR-0054,2023-03-07,53.725939402555085,60.41197354335617
OIL-001385,TXR-0201,2023-02-09,52.42822873299105,65.19054722699656
OIL-000556,TXR-0082,2023-07-23,79.23330081541675,51.37981383085735
OIL-000484,TXR-0072,2023-10-09,106.11978332934436,46.17357279453886
OIL-000515,TXR-0076,2023-04-04,117.7215554168885,59.74698040449786
OIL-000408,TXR-0062,2023-03-14,43.02013684577034,68.14823324478297
OIL-000689,TXR-0101,2023-09-25,37.80110378446511,59.01238971586985
OIL-000309,TXR-0049,2023-07-02,177.8578417743248,48.422135047610155
OIL-000259,TXR-0041,2023-02-22,161.65058910945956,65.61299278098116
OIL-001107,TXR-0161,2023-08-04,122.56209126306328,60.71377903893154
OIL-001570,TXR-0229,2023-01-21,27.152315993565512,58.10092743234607
OIL-001164,TXR-0169,2023-09-22,78.03548554703323,57.99238045808284
OIL-000278,TXR-0045,2023-12-30,38.962602206419355,51.54801396270085
OIL-001183,TXR-0172,2023-01-05,97.28603571846105,36.90210030392557
OIL-000011,TXR-0002,2023-03-21,82.78223559577505,56.85578401287441
OIL-001585,TXR-0231,2023-01-20,28.273240171162882,53.666912114566436
OIL-000663,TXR-0098,2023-10-30,84.60971268087103,65.12510657355742
OIL-000129,TXR-0021,2023-09-18,109.21678260928337,61.188154017242624
OIL-000173,TXR-0028,2024-05-19,87.89440304137453,58.24199985715403
OIL-001053,TXR-0154,2023-12-12,115.19300274732086,70.23210610721156
OIL-000446,TXR-0067,2023-06-18,39.32004599412846,73.26089269617323
OIL-001514,TXR-0221,2024-04-02,84.80205540097029,55.67555778424561
OIL-000868,TXR-0126,2024-06-27,26.567939877629172,63.779845271057376
OIL-000889,TXR-0129,2023-08-25,71.76776140215824,41.387283233713006
OIL-001380,TXR-0200,2024-02-15,89.87887423005273,48.904457264325146
OIL-001005,TXR-0146,2023-02-12,90.40977228479635,57.26739508498788
OIL-001453,TXR-0212,2023-07-10,59.203178011409975,52.27109995579447
OIL-000141,TXR-0023,2023-11-09,78.45256143248979,54.125223520151465
OIL-000053,TXR-0009,2024-04-08,109.42322181217398,43.58644424530916
OIL-000316,TXR-0050,2023-12-03,66.27606038509728,55.747815389867036
OIL-001533,TXR-0224,2024-01-25,49.638360492776044,33.80906136689234
OIL-000705,TXR-0104,2024-02-05,88.56592299459678,53.9595862279249
OIL-000158,TXR-0025,2023-03-04,75.84521033437234,57.24948029545886
OIL-000189,TXR-0030,2023-01-23,164.71126129230976,54.967656777701485
OIL-000896,TXR-0130,2024-01-03,63.467269004265916,59.712313727040495
OIL-000846,TXR-0124,2024-03-23,124.17118388717641,55.39013616335797
OIL-001069,TXR-0156,2024-06-13,42.17970329640477,40.15232646536301
OIL-000015,TXR-0003,2023-06-17,97.51960023008908,57.71227939779302
OIL-001239,TXR-0179,2023-05-20,45.219836189336085,53.35250843671462
OIL-001037,TXR-0151,2023-10-03,65.40236902773323,72.40025660808743
OIL-000155,TXR-0025,2023-06-17,61.607523557427136,49.068132862602134
OIL-000722,TXR-0106,2024-06-05,149.75919407070873,56.36422508247306
OIL-000113,TXR-0017,2024-03-24,36.49152936691637,60.581629323460156
OIL-001300,TXR-0189,2024-02-01,187.51598134443472,61.07934168310477
OIL-000852,TXR-0124,2023-08-26,132.49889905995786,47.39692742394229
OIL-001367,TXR-0198,2023-04-09,0.0,51.0577380128843
OIL-001524,TXR-0222,2023-06-19,75.5957885591143,59.33134311927905
OIL-001579,TXR-0230,2023-01-28,90.3229320888555,55.30930179615449
OIL-001519,TXR-0222,2024-06-08,82.51320322247663,62.231247942077175
OIL-000608,TXR-0089,2024-06-21,101.95688629673661,62.27963596748218
OIL-000632,TXR-0093,2023-04-05,190.18509125414835,60.59423686494374
OIL-000107,TXR-0017,2023-09-14,50.63643176815267,50.46500821467522
OIL-001011,TXR-0147,2023-11-10,108.56159311079385,45.08839577078476
OIL-001142,TXR-0166,2023-02-27,126.89551350543168,50.69763520159196
OIL-000840,TXR-0123,2023-02-05,45.60155286720834,45.27888960121402
OIL-001487,TXR-0216,2024-05-29,139.34714938588075,53.15478824088464
OIL-001586,TXR-0231,2023-06-18,61.70619984015423,48.13075543713679
OIL-000834,TXR-0122,2024-01-04,133.77059648288588,57.06812498173688
OIL-000720,TXR-0106,2023-07-22,116.08279895839854,49.9338744200643
OIL-001111,TXR-0161,2023-04-17,131.5883153513787,58.78368314496409
OIL-000586,TXR-0086,2024-02-02,90.2331162982402,53.80851115183651
OIL-001029,TXR-0150,2023-06-23,120.37667439229003,69.16462347246254
OIL-001258,TXR-0183,2023-07-31,49.29225952792241,66.38340171138677
OIL-000500,TXR-0074,2024-04-01,58.987431545233434,45.696077403829186
OIL-000277,TXR-0044,2024-06-30,75.59190804719987,51.58058299406397
OIL-000560,TXR-0082,2024-05-01,78.05511954470383,56.05652242549801
OIL-000412,TXR-0063,2024-01-28,9.130104784883656,63.64928316071873
OIL-000433,TXR-0066,2024-06-05,58.939011640580844,71.68713795980744
OIL-000253,TXR-0041,2024-03-19,162.99587070612148,65.27025021400598
OIL-000557,TXR-0082,2023-05-16,93.14736622599382,54.827180494780926
OIL-000092,TXR-0015,2024-02-03,0.0,53.924604731168316
OIL-001083,TXR-0158,2023-04-28,41.357240856700756,46.38363005406168
OIL-001231,TXR-0178,2023-06-11,83.10196360972535,57.265092060279656
OIL-000693,TXR-0102,2024-02-22,73.35384071735628,48.795865610518696
OIL-000789,TXR-0116,2023-09-27,174.03518958913963,49.64335225987456
OIL-000665,TXR-0098,2023-10-27,54.353050711235305,56.13138377883911
OIL-001058,TXR-0154,2024-03-17,311.3004789624539,67.40088177182011
OIL-000512,TXR-0076,2023-04-28,141.68035302126123,72.39944983521178
OIL-000468,TXR-0070,2023-01-29,236.10136892298712,65.64028561658438
OIL-000802,TXR-0117,2023-06-06,133.04804187124927,60.96452882294122
OIL-000679,TXR-0100,2023-12-05,74.96646038213645,56.12968476650388
OIL-001177,TXR-0171,2024-05-13,78.71746481602952,50.877520220451764
OIL-001408,TXR-0206,2023-04-18,120.89890561217202,44.791245410223155
OIL-001050,TXR-0153,2023-10-16,160.5828595777421,47.665852800441954
OIL-000607,TXR-0089,2023-06-24,88.8926854256496,60.93566154901244
OIL-001031,TXR-0150,2024-05-03,88.47535150059673,61.20845247680586
OIL-001584,TXR-0231,2023-11-01,237.9856624648873,52.282137193328424
OIL-001594,TXR-0232,2023-09-23,162.50411152067224,60.00490219825883
OIL-001201,TXR-0175,2023-12-28,37.89422051258695,64.25341679212394
OIL-000983,TXR-0143,2023-06-22,-104.63446087793406,39.95645755760043
OIL-000590,TXR-0087,2023-03-14,61.00460145623103,64.37182589731196
OIL-000670,TXR-0099,2023-06-30,97.62803709897992,45.99416975518747
OIL-000825,TXR-0120,2023-06-03,116.14591091354555,62.412644452761434
OIL-001322,TXR-0193,2023-06-08,75.04385781871595,55.31660955026081
OIL-001479,TXR-0215,2023-10-05,89.70925680838369,47.157299124474136
OIL-000492,TXR-0073,2023-08-28,85.53004800156089,60.42069642700133
OIL-000791,TXR-0116,2023-08-10,159.59872495818095,61.940719411825555
OIL-001447,TXR-0211,2024-04-29,163.6243470269071,48.49930100624424
OIL-000181,TXR-0028,2023-10-11,83.58687051763432,46.05868412697108
OIL-001267,TXR-0184,2023-01-23,62.59254285346829,57.25019291323204
OIL-000671,TXR-0099,2024-05-16,116.64355095085658,53.87783575630971
OIL-001014,TXR-0147,2023-01-20,136.7061452168403,52.385111499009106
OIL-001240,TXR-0179,2023-07-13,43.78275614296818,56.823841726778426
OIL-000938,TXR-0135,2023-03-01,146.05111402646628,73.26563582253294
OIL-000947,TXR-0136,2023-12-25,195.07963894743753,42.878450407415286
OIL-000849,TXR-0124,2023-04-14,121.81609820573688,48.179684282969895
OIL-001396,TXR-0204,2023-02-09,182.23160894823374,56.49852496640729
OIL-001370,TXR-0199,2023-10-23,146.2672930527884,53.277524456334866
OIL-001546,TXR-0226,2023-07-09,116.9569135832692,52.141837482903455
OIL-000111,TXR-0017,2023-08-02,48.90226159761421,61.40306885884291
OIL-000274,TXR-0044,2024-03-10,83.96352891590486,60.95650830835107
OIL-000119,TXR-0018,2023-10-12,75.27427916462216,63.425721022134795
OIL-000926,TXR-0133,2023-03-07,52.513117172639056,65.15495523755934
OIL-000688,TXR-0101,2024-02-15,34.85334945817752,53.64916875821537
OIL-001043,TXR-0153,2024-04-10,118.90725414627214,53.8018953768135
OIL-000749,TXR-0110,2023-05-02,32.30572421440877,55.00653814920311
OIL-001395,TXR-0203,2023-07-14,58.52222010622664,59.83168664306194
OIL-000183,TXR-0029,2023-09-07,95.2842783336445,78.8500683917515
OIL-001114,TXR-0161,2024-05-13,110.66504773355267,52.88547180740109
OIL-000239,TXR-0039,2024-02-04,126.24084980093144,46.28923086211956
OIL-000007,TXR-0002,2023-07-15,121.6036926513911,56.416633701639064
OIL-001578,TXR-0230,2024-01-29,82.8526128876348,49.47317637637091
OIL-001513,TXR-0221,2023-04-22,93.55470211539675,66.9404123408375
OIL-000687,TXR-0101,2023-10-20,58.868188771713996,51.28656323192003
OIL-000996,TXR-0144,2023-11-12,111.21109048213327,55.48712270687949
OIL-001369,TXR-0199,2024-01-18,132.42033460349452,45.86102111046684
OIL-000337,TXR-0053,2023-09-09,75.56470778162468,56.338079092511435
OIL-000004,TXR-0002,2024-03-22,112.7579260072319,53.469405886841535
OIL-000807,TXR-0118,2023-12-17,63.42663099216141,52.56602667101615
OIL-001196,TXR-0174,2023-06-16,93.27479739514975,58.23740407702512
OIL-001333,TXR-0194,2024-04-20,141.14564399898643,59.219124347772784
OIL-001186,TXR-0173,2023-10-03,110.42323205422954,57.3541801747691
OIL-001319,TXR-0192,2023-02-10,0.0,53.747795539198066
OIL-000851,TXR-0124,2023-02-06,122.71739335872925,47.197263794510036
OIL-000008,TXR-0002,2023-09-27,98.57358332059934,65.3982550048076
OIL-000740,TXR-0109,2024-03-02,0.0,71.08391000662067
OIL-000362,TXR-0057,2023-04-12,105.70666324474742,64.18624628765973
OIL-000591,TXR-0087,2024-05-05,44.57652463514757,65.80585819320649
OIL-000698,TXR-0103,2023-07-06,95.6477157095926,48.78646376964537
OIL-001418,TXR-0207,2024-04-26,155.91282369790017,57.25710244893368
OIL-000463,TXR-0069,2023-01-08,82.04498510048394,64.50835426489903
OIL-000289,TXR-0046,2024-06-17,76.11340473802385,59.92311409176817
OIL-001404,TXR-0205,2023-03-09,183.33297546310365,40.54040824957005
OIL-001588,TXR-0231,2024-05-17,57.06121475911183,52.57608252078005
OIL-000867,TXR-0126,2023-05-22,59.45506584965835,62.72272481505892
OIL-001026,TXR-0149,2024-02-04,12.638934312799439,50.84990816625644
OIL-001298,TXR-0189,2023-01-28,190.44367503616868,66.27308875198942
OIL-000186,TXR-0029,2023-04-11,65.73245434873695,66.97823711469488
OIL-000510,TXR-0075,2023-05-12,80.14817897439751,48.79155177019979
OIL-000073,TXR-0012,2023-01-16,46.47590837107107,63.00289216167645
OIL-000247,TXR-0040,2024-04-09,156.00867396172958,48.4566131049769
OIL-000617,TXR-0090,2023-05-18,77.99057956794977,62.53346850638881
OIL-001241,TXR-0180,2023-03-05,96.75276276882606,50.05742539247315
OIL-000270,TXR-0043,2023-07-05,61.328490196853416,38.68384139149923
OIL-000115,TXR-0017,2023-11-20,15.37226882253426,57.32204330787707
OIL-000514,TXR-0076,2023-07-10,107.22346357511574,74.46222618000523
OIL-001567,TXR-0228,2023-04-25,46.029602108484006,52.11016696813386
OIL-001414,TXR-0206,2023-06-03,101.42638079443455,48.93532186703974
OIL-000630,TXR-0093,2023-06-22,200.78817472201297,69.49698346020342
OIL-000783,TXR-0114,2023-05-11,60.71277975314719,61.115817739827364
OIL-001230,TXR-0178,2023-05-28,118.44403400301418,46.50899649952335
OIL-000633,TXR-0094,2023-02-02,0.0,50.57341110470603
OIL-000718,TXR-0105,2023-09-02,103.97429847405635,71.8034723500837
OIL-000646,TXR-0096,2023-04-07,101.90480689028641,61.52500751510968
OIL-000819,TXR-0120,2023-11-10,87.39956238144777,51.50709902016375
OIL-001373,TXR-0199,2024-03-01,142.6464001228572,50.786297947667634
OIL-000831,TXR-0121,2024-03-26,58.92309720416838,66.12847439488995
OIL-001085,TXR-0158,2023-06-22,26.001411848724285,52.926361480797624
OIL-000314,TXR-0050,2023-11-05,44.012336337117056,55.2084828841819
OIL-000664,TXR-0098,2023-08-08,79.03213291975365,53.82166812585681
OIL-001287,TXR-0188,2023-04-21,82.75580124771989,49.32532125452342
OIL-000625,TXR-0092,2023-09-10,147.8941089025199,44.9100376882807
OIL-000690,TXR-0101,2024-04-19,54.269214080901534,48.45001412875777
OIL-000890,TXR-0129,2024-05-26,72.31302402809825,49.74650296495067
OIL-001345,TXR-0196,2023-08-07,77.28418966958661,47.93053815536931
OIL-000605,TXR-0089,2023-03-22,92.69657182421183,68.11633274921869
OIL-000487,TXR-0072,2023-11-20,124.66227779131955,44.81808399762137
OIL-000771,TXR-0113,2023-05-22,79.95597713577449,55.43903467717948
OIL-001432,TXR-0209,2023-12-28,209.04144100068103,65.98182435764434
OIL-001534,TXR-0224,2023-09-07,74.70446064024499,44.49454720264064
OIL-000088,TXR-0015,2023-11-04,12.77080081903782,51.07634899158472
OIL-000562,TXR-0083,2023-08-31,-130.90580873904403,56.91557358588472
OIL-000146,TXR-0023,2024-03-24,78.2110089750448,49.286437690964505
OIL-001046,TXR-0153,2023-12-19,179.15738247347048,63.065390189534476
OIL-000602,TXR-0089,2023-08-02,99.19206222175853,71.04820203135444
OIL-000245,TXR-0040,2024-06-25,125.34915134193206,56.09991962822396
OIL-000301,TXR-0048,2023-02-23,53.57139530446787,63.40045349565879
OIL-001375,TXR-0199,2023-12-09,142.63733555143926,55.59744494970862
OIL-001285,TXR-0188,2023-10-15,94.61726502231217,54.673552158182034
OIL-000048,TXR-0008,2024-04-02,97.70027127184895,52.271142414312074
OIL-001190,TXR-0174,2024-03-30,64.95808647325302,50.38542424008054
OIL-000114,TXR-0017,2023-07-01,41.181603632432264,47.979517426828664
OIL-000477,TXR-0071,2023-05-01,6.799663960222134,54.67648862787924
OIL-001590,TXR-0231,2023-06-19,64.92261264519956,60.421003931243746
OIL-001559,TXR-0228,2023-12-24,24.013795561401786,44.49768266227573
OIL-000116,TXR-0018,2023-09-01,47.990841075441246,56.84605008538651
OIL-000165,TXR-0026,2023-11-12,101.80474461569995,65.1430940935272
OIL-001006,TXR-0146,2023-09-17,73.5241472066819,65.7249232290519
OIL-000711,TXR-0105,2024-04-16,75.13656074924074,47.253795842012366
OIL-001277,TXR-0186,2023-02-25,109.28119890242594,56.76279261784455
OIL-001119,TXR-0162,2023-12-01,102.58289892172813,50.93428213904397
OIL-000159,TXR-0026,2024-02-11,129.02482017374646,57.928005082636986
OIL-001309,TXR-0191,2023-06-17,45.133869119420325,54.1112895371436
OIL-000573,TXR-0084,2023-06-21,9.579828766091978,54.84810782509077
OIL-001455,TXR-0212,2024-04-16,71.54658805983624,52.58898470408268
OIL-000368,TXR-0057,2024-04-09,123.47820994329372,56.612476125250666
OIL-000918,TXR-0132,2024-02-09,131.044420899659,53.73288708198942
OIL-000995,TXR-0144,2023-06-15,140.12214489673562,47.48092803006845
OIL-000370,TXR-0058,2023-12-07,33.18396134144312,57.637874770042274
OIL-000219,TXR-0035,2023-08-02,82.90475301606065,51.57412160400442
OIL-001341,TXR-0195,2023-08-13,32.57070663719834,49.93612064956038
OIL-000639,TXR-0095,2023-02-26,78.68911386978172,45.39342816655914
OIL-000990,TXR-0144,2023-04-23,140.43533520079305,61.407955246291586
OIL-000017,TXR-0003,2023-01-15,82.95668127812164,51.528661822389765
OIL-000563,TXR-0083,2023-03-31,115.59166908621464,56.37216206197877
OIL-000862,TXR-0125,2023-10-27,98.44229843849293,63.327949728948774
OIL-000601,TXR-0089,2024-02-25,107.94593169792068,61.482307986175755
OIL-000649,TXR-0096,2023-02-22,105.27707332759168,58.63455557219798
OIL-001021,TXR-0148,2023-09-14,107.61347011396627,48.47838900351965
OIL-000297,TXR-0047,2024-03-14,-138.47723785810405,54.548676786437696
OIL-000213,TXR-0033,2023-12-14,103.10375109208628,51.48557657719426
OIL-000104,TXR-0016,2023-09-15,167.08200834079528,72.40185506133525
OIL-001503,TXR-0219,2024-05-25,39.966296957769835,42.58214775300334
OIL-001544,TXR-0225,2023-05-21,0.0,48.89871274054289
OIL-000680,TXR-0100,2023-04-15,49.21192205645009,55.590531163050315
OIL-001076,TXR-0157,2024-05-25,122.85461400319086,50.40613586288886
OIL-000513,TXR-0076,2024-03-27,105.41303202205285,68.0539479871294
OIL-000311,TXR-0049,2023-04-21,188.44369035712322,49.649147708832906
OIL-001068,TXR-0156,2024-06-19,29.60928590294619,41.37508030875172
OIL-001338,TXR-0195,2023-02-28,60.01170325439112,59.20280471151619
OIL-000765,TXR-0112,2023-01-30,57.99648496459944,58.822502564095075
OIL-000704,TXR-0104,2023-09-21,88.6044864807024,50.9517810743131
OIL-001149,TXR-0167,2024-05-20,91.63494725173412,59.513256513310154
OIL-000572,TXR-0084,2023-06-20,18.843180440343183,66.66272595945502
OIL-001516,TXR-0221,2024-04-27,105.46337210818115,67.95622697373568
OIL-001220,TXR-0177,2024-03-05,144.5229686500637,64.64973099761482
OIL-000920,TXR-0133,2023-03-24,35.474953520022744,59.82066437285703
OIL-001381,TXR-0200,2023-11-05,129.68055021412607,42.101727258458084
OIL-001301,TXR-0190,2023-12-13,74.56325141373473,47.971083712512076
OIL-000972,TXR-0141,2024-04-01,102.8115235302932,61.183267976181256
OIL-000272,TXR-0044,2023-08-20,89.93525368284197,52.02166170542271
OIL-000184,TXR-0029,2023-08-05,100.41976022357828,56.93133185661847
OIL-000227,TXR-0036,2023-12-22,28.12802395934291,56.069953003015954
OIL-001198,TXR-0174,2024-02-01,101.28166416158969,55.60500963903293
OIL-001162,TXR-0169,2023-11-27,101.03358592411134,56.392322527299086
OIL-001115,TXR-0162,2023-08-26,112.25627760056972,53.738538290610215
OIL-000414,TXR-0063,2023-04-22,36.28037259743627,57.85582487155628
OIL-001181,TXR-0172,2023-01-20,94.16555641300673,36.60296904256812
OIL-001178,TXR-0171,2023-03-08,77.06814054517153,55.402010626321065
OIL-001314,TXR-0192,2024-01-12,51.27721369501491,65.5650723867007
OIL-001170,TXR-0170,2023-09-03,81.68661866666939,46.906678892126926
OIL-001125,TXR-0163,2024-01-07,60.1962532008117,47.02180707678912
OIL-001361,TXR-0198,2024-03-27,0.0,48.777057035997906
OIL-001041,TXR-0152,2024-01-27,118.66795536253665,37.21184928326111
OIL-001555,TXR-0227,2023-06-26,118.85634497292854,55.125881296722085
OIL-000421,TXR-0064,2024-04-02,111.7458765537354,47.27233805088265
OIL-000844,TXR-0123,2023-10-24,40.464064057375985,42.795879016383644
OIL-001565,TXR-0228,2024-06-09,15.381985863603042,45.06630110903832
OIL-001081,TXR-0157,2024-05-03,135.71461114938342,62.45664097191615
OIL-000001,TXR-0001,2024-01-17,147.81778737157194,60.462041034748985
OIL-000682,TXR-0100,2024-06-05,68.38048610634388,57.75274595495176
OIL-001437,TXR-0210,2024-05-22,105.83839644592612,48.05382694394179
OIL-000503,TXR-0075,2023-09-02,86.6048580821074,46.51866737931058
OIL-000497,TXR-0074,2023-09-19,53.808558014687854,49.101650094514206
OIL-000016,TXR-0003,2024-05-14,122.11861570742435,55.60164659532102
OIL-000394,TXR-0060,2023-03-17,145.78964795403567,49.90369503086817
OIL-001323,TXR-0193,2023-05-05,106.52863643490481,55.27910937364014
OIL-000442,TXR-0067,2023-11-24,21.087663595364518,76.68757050138879
OIL-001044,TXR-0153,2024-06-25,443.4509581935122,60.94460438682785
OIL-001238,TXR-0179,2023-06-13,38.30885770998896,59.33055729595271
OIL-001148,TXR-0167,2024-04-28,96.79596170571638,56.728370872405435
OIL-001004,TXR-0145,2023-09-09,0.0,48.440449621930284
OIL-000090,TXR-0015,2023-03-20,0.0,55.76231470289133
OIL-000962,TXR-0139,2023-05-31,95.24069443407954,46.11083968683009
OIL-000295,TXR-0047,2023-04-08,41.97102317957583,63.2617224846075
OIL-001410,TXR-0206,2023-10-05,132.77238269276526,44.40524231553068
OIL-000652,TXR-0096,2024-04-18,82.4104282662414,59.884805073019436
OIL-000067,TXR-0011,2024-02-08,111.15582893397115,44.82616524563043
OIL-001538,TXR-0225,2023-06-25,0.0,53.07456305514383
OIL-001264,TXR-0184,2023-03-26,104.13379379494776,44.59950562964043
OIL-000830,TXR-0121,2023-04-12,45.743777304121835,74.54218429619799
OIL-000759,TXR-0112,2024-02-24,59.11450639034565,65.48898311839409
OIL-000566,TXR-0083,2024-03-13,109.0309982914092,66.95239815675804
OIL-000803,TXR-0117,2023-04-26,315.83921272837426,72.71910378444547
OIL-001194,TXR-0174,2023-05-02,78.0601487385516,52.776725496976965
OIL-000595,TXR-0088,2024-06-06,117.40189481509124,35.728953101313365
OIL-001245,TXR-0181,2023-04-22,50.20272946764308,53.76778319673437
OIL-001429,TXR-0209,2024-04-02,188.2518554019995,52.383320595624106
OIL-000847,TXR-0124,2024-02-22,123.12508781585288,50.13696207161026
OIL-001599,TXR-0232,2023-03-17,158.67980006688074,49.881408324645655
OIL-000861,TXR-0125,2023-04-30,93.29482067364732,59.10622750235553
OIL-000282,TXR-0045,2024-05-03,77.42076111566183,45.336122162732295
OIL-001009,TXR-0146,2023-12-15,75.87235788219476,55.589597624640234
OIL-000971,TXR-0141,2024-01-28,110.64612544782241,62.22893756089272
OIL-000577,TXR-0084,2023-06-10,0.0,66.33092817566502
OIL-001600,TXR-0232,2023-11-13,140.6842921042279,36.6695691281673
OIL-001452,TXR-0212,2023-06-12,87.89127376652459,50.805498534207516
OIL-000355,TXR-0056,2023-01-02,96.85156127533412,49.5664292816949
OIL-000003,TXR-0001,2023-07-15,140.5492356906356,67.06431093762076
OIL-000057,TXR-0009,2024-01-13,114.34695643867661,55.6376338468652
OIL-000837,TXR-0122,2023-06-26,127.31887659172038,56.1146110606909
OIL-000238,TXR-0038,2023-05-29,72.03264149746873,43.2157663332534
OIL-000668,TXR-0098,2023-01-07,79.24383077476347,61.98722087698249
OIL-000252,TXR-0041,2023-12-14,151.88498516004958,59.142139663506335
OIL-001522,TXR-0222,2024-04-01,92.50544574636213,71.51137340467912
OIL-000206,TXR-0032,2023-10-09,46.3068631961327,65.268768813223
OIL-000332,TXR-0053,2024-02-18,76.36423849338169,50.59850350551321
OIL-001097,TXR-0160,2023-05-06,0.0,57.91941255936748
OIL-000392,TXR-0060,2024-02-23,141.79338743866,47.94195406040262
OIL-001466,TXR-0213,2024-04-25,10.510582054887603,64.87814615058669
OIL-000781,TXR-0114,2023-10-12,73.38835926658089,59.99255850551535
OIL-000762,TXR-0112,2023-11-25,64.18865701370807,62.65807156121437
OIL-000100,TXR-0016,2023-02-16,116.11885595121835,60.94759179838734
OIL-000153,TXR-0025,2024-06-10,58.72901040432619,53.89273104622584
OIL-000891,TXR-0129,2023-03-26,65.44374569375665,56.63391575979961
OIL-001423,TXR-0208,2023-04-01,101.19446844155198,57.666773582313795
OIL-001417,TXR-0207,2024-06-26,132.09328778431995,62.79657896803335
OIL-000855,TXR-0125,2023-08-06,76.76405537173133,65.6042491665161
OIL-001172,TXR-0171,2023-07-19,79.89234746941608,54.667362846268986
OIL-000516,TXR-0077,2024-06-30,192.8648304831176,63.84861525049733
OIL-001409,TXR-0206,2024-01-05,123.77134600137506,55.3383987208671
OIL-000885,TXR-0128,2023-03-21,63.59183275781107,53.01667988797561
OIL-000130,TXR-0021,2023-06-27,94.75096946345687,57.94225378188534
OIL-000674,TXR-0099,2023-07-21,131.57532500712193,44.69052485352539
OIL-001098,TXR-0160,2023-01-25,16.11510801299475,56.925448823973646
OIL-001289,TXR-0188,2023-09-25,77.39318486496055,62.88059081398939
OIL-001517,TXR-0221,2023-01-16,120.57060504629389,53.76561477142953
OIL-000491,TXR-0073,2023-11-26,103.3355767133272,57.64780698278622
OIL-001448,TXR-0211,2024-03-18,177.7423485173926,52.50417247112376
OIL-000439,TXR-0067,2023-11-02,52.45415503230775,66.91013153809448
OIL-000382,TXR-0059,2024-06-13,101.72328185953363,41.00185993131084
OIL-001552,TXR-0227,2023-01-26,74.09497367769504,49.23688283256577
OIL-001086,TXR-0158,2024-06-28,37.15387738073697,55.86379202320802
OIL-001059,TXR-0154,2023-11-30,99.00515700135865,62.877555838937944
OIL-000710,TXR-0105,2023-05-13,67.90584911859213,56.60026275499582
OIL-000366,TXR-0057,2023-03-21,104.86386839548385,62.01163643228306
OIL-001397,TXR-0204,2024-03-12,179.97150509053935,63.1394113840155
OIL-000715,TXR-0105,2023-01-02,48.565380168007856,58.549997344658394
OIL-000525,TXR-0078,2023-08-12,140.09911473233268,60.119284618016735
OIL-000956,TXR-0138,2023-12-16,89.85322912646345,62.112116793729335
OIL-001551,TXR-0227,2023-09-29,86.59408039510707,52.72638531860467
OIL-000404,TXR-0061,2023-08-24,36.61575345946776,53.711224297796385
OIL-000243,TXR-0040,2024-04-04,140.47750161356822,51.751967569640364
OIL-000411,TXR-0062,2023-12-07,64.72460689498085,58.12224675911261
OIL-000628,TXR-0093,2023-06-15,211.90322378730764,66.11509019380443
OIL-001105,TXR-0160,2023-12-08,7.898158226462532,44.53812265739122
OIL-000708,TXR-0104,2023-08-30,109.46055898061614,48.97369450203516
OIL-001307,TXR-0191,2023-03-08,99.80621455263972,47.512830431055875
OIL-000751,TXR-0110,2024-03-29,26.119130283500358,70.27819894600944
OIL-000588,TXR-0086,2024-06-17,78.8564134603252,61.630440876488116
OIL-000384,TXR-0059,2023-05-25,68.7976857292133,47.85936167949151
OIL-001237,TXR-0179,2024-04-19,37.611280618403086,65.40293444745647
OIL-000598,TXR-0088,2023-01-22,-130.0330052991905,41.44806297691632
OIL-000943,TXR-0136,2024-02-09,201.12875463350983,31.90077295741815
OIL-001065,TXR-0155,2023-05-02,24.274386221586973,46.880152323597194
OIL-001391,TXR-0202,2024-04-20,73.65258721278906,38.92124745020061
OIL-001206,TXR-0176,2024-03-15,93.98122254405465,66.18829417664466
OIL-000032,TXR-0005,2023-06-08,202.0662513297669,53.452317964866445
OIL-000769,TXR-0113,2024-03-09,84.66229349697987,58.59271528739762
OIL-000151,TXR-0024,2023-11-20,78.73752860032448,57.4788431575003
OIL-001073,TXR-0157,2023-01-24,92.51346521965763,52.425440476083715
OIL-000638,TXR-0094,2023-11-24,14.946222887452942,48.70435379985081
OIL-001321,TXR-0193,2023-01-09,80.09224718020647,65.96308592940949
OIL-000058,TXR-0009,2023-02-13,94.37716367591881,54.11972252941506
OIL-000322,TXR-0050,2024-03-21,63.10726968055032,47.98813785099622
OIL-000667,TXR-0098,2024-04-28,69.89008818725006,58.603707781775185
OIL-000539,TXR-0080,2023-04-18,149.72294963141852,55.10177997027585
OIL-001192,TXR-0174,2023-11-20,79.90671834085188,54.83782851207649
OIL-000304,TXR-0048,2023-12-06,30.79090927941553,54.87721867167612
OIL-001080,TXR-0157,2023-02-15,126.05208946209996,68.58883848871324
OIL-001094,TXR-0159,2024-01-25,116.56350013614662,50.84390986400208
OIL-000683,TXR-0100,2024-04-11,42.27758473780029,56.33264318494054
OIL-001465,TXR-0213,2023-02-28,0.0,65.0624556609789
OIL-001090,TXR-0159,2024-05-19,92.78736147135608,48.4354586926702
OIL-000089,TXR-0015,2023-06-18,4.837424332542606,48.00777510963173
OIL-000125,TXR-0020,2023-05-22,91.08484768900288,41.726264601818066
OIL-000542,TXR-0080,2023-06-30,105.84001083516253,57.27815123414595
OIL-001284,TXR-0188,2024-05-12,100.85607610885769,56.76371306044224
OIL-001372,TXR-0199,2023-08-03,168.94046930795523,54.48272318130851
OIL-001427,TXR-0209,2023-04-11,198.9359878994663,63.89012242627546
OIL-000561,TXR-0083,2023-11-18,126.7596261291358,59.09723469910759
OIL-000927,TXR-0134,2023-10-25,36.81725612125413,49.72757723667525
OIL-000544,TXR-0080,2023-10-30,71.06633642662366,50.503032247931074
OIL-000045,TXR-0007,2024-06-25,98.98845608583181,39.41246944021137
OIL-000967,TXR-0140,2023-10-05,48.51125468717403,58.308814510732105
OIL-001456,TXR-0212,2023-03-06,86.1855521067013,55.006925190350486
OIL-000338,TXR-0053,2023-01-11,81.93888105256931,61.35812370068211
OIL-000905,TXR-0131,2023-02-17,75.4808166958996,54.99321496457055
OIL-000835,TXR-0122,2024-01-24,113.44846575732286,43.960338659629954
OIL-001436,TXR-0210,2023-07-11,64.30432590356811,43.65729460496348
OIL-000292,TXR-0046,2023-07-25,72.92924992442703,46.43429782567089
OIL-001457,TXR-0212,2024-05-05,57.339873205776115,57.71980272372182
OIL-000127,TXR-0020,2023-01-09,89.28735681843574,34.933776241582876
OIL-000832,TXR-0121,2023-08-02,72.52484710327471,63.233186743830586
OIL-001244,TXR-0180,2023-08-25,131.34131968927258,52.13704649278837
OIL-000970,TXR-0140,2023-06-25,61.87875658254624,59.48987899244703
OIL-000874,TXR-0127,2023-03-06,99.25113421431068,57.18054490377235
OIL-000013,TXR-0002,2024-06-29,107.57382285166963,48.338161238895964
OIL-001297,TXR-0189,2023-08-02,193.64503447631137,69.11742436108909
OIL-000371,TXR-0058,2023-06-12,49.80603111190873,59.65203554945381
OIL-001302,TXR-0190,2023-08-30,45.90770649793642,43.522993377352314
OIL-001242,TXR-0180,2024-04-21,85.59788313561116,52.57521563681004
OIL-000859,TXR-0125,2023-04-27,61.73254243293604,60.63370571047301
OIL-000224,TXR-0035,2023-07-29,74.44933101800389,36.22471839858059
OIL-001225,TXR-0178,2024-05-13,84.71865937168806,49.28126937800123
OIL-000694,TXR-0102,2024-01-03,103.98875850068134,66.442272578833
OIL-001315,TXR-0192,2024-01-15,9.808359293313657,61.0112225183224
OIL-000365,TXR-0057,2023-03-24,120.57823037957033,51.133068338824756
OIL-000405,TXR-0061,2023-09-20,59.46286208101976,50.291692179514214
OIL-000152,TXR-0025,2023-07-29,77.26567059598351,53.17312574792015
OIL-000495,TXR-0074,2023-09-15,41.68005083910637,41.77580031310198
OIL-000582,TXR-0085,2023-11-29,78.30136555729945,64.97053087117445
OIL-000209,TXR-0032,2023-05-12,64.96731147165129,65.21670399957625
OIL-000143,TXR-0023,2024-05-08,70.72659020155237,60.87446416762282
OIL-001571,TXR-0229,2023-11-05,71.9212469324386,56.95889645087917
OIL-001398,TXR-0204,2024-02-18,189.07852120890226,62.50769553660449
OIL-000453,TXR-0068,2024-04-04,127.37760213117608,41.61296495047896
OIL-000659,TXR-0097,2023-03-28,77.63407755475521,56.02775150657624
OIL-000681,TXR-0100,2023-02-07,26.936200290585898,47.42811623059627
OIL-001500,TXR-0219,2023-05-08,18.145774786235766,43.78295938162264
OIL-001063,TXR-0155,2023-12-25,41.59392345222185,45.6700806581828
OIL-001188,TXR-0173,2024-05-08,119.23250199918687,55.36694290336196
OIL-000899,TXR-0131,2024-04-03,30.64710499942405,54.24682373689617
OIL-000077,TXR-0013,2024-03-07,148.08242113060905,46.825983701855044
OIL-001478,TXR-0215,2023-02-14,96.59709858495681,45.9010129505838
OIL-000214,TXR-0034,2023-04-22,83.69633878439608,51.79911980650415
OIL-001344,TXR-0196,2023-04-09,49.02459697733454,47.70773474845893
OIL-001553,TXR-0227,2024-06-19,115.03575063254846,56.238215872745485
OIL-000942,TXR-0135,2023-11-19,159.9549015028442,61.12231135619082
OIL-000133,TXR-0021,2024-02-14,119.07985409833188,50.6147251926487
OIL-000669,TXR-0098,2024-04-22,101.377392266572,55.03010519219025
OIL-000965,TXR-0139,2024-06-02,100.67566142482634,59.907094172934265
OIL-000174,TXR-0028,2023-12-13,66.54168154470035,51.05894483402159
OIL-001498,TXR-0219,2023-09-04,3.591106617895246,41.983145338384
OIL-000609,TXR-0090,2023-01-05,98.26308028278522,46.89869529669787
OIL-000736,TXR-0108,2023-02-12,159.74060938146008,52.5853449767395
OIL-000738,TXR-0108,2023-07-20,169.24047123692029,42.3851259165173
OIL-000021,TXR-0004,2024-03-16,143.3726613176275,46.961049381618615
OIL-001056,TXR-0154,2023-07-19,109.3095886449348,57.39982375969268
OIL-000232,TXR-0037,2024-06-17,98.4939117246228,65.11823182110572
OIL-000915,TXR-0132,2024-06-01,134.29061374806395,62.32624207001457
OIL-000385,TXR-0059,2023-12-28,110.7930190387098,47.063522278363756
OIL-000176,TXR-0028,2023-01-26,84.64381307947629,55.1909065230639
OIL-001433,TXR-0209,2024-04-17,203.40963014272356,56.605401905029666
OIL-001591,TXR-0231,2024-03-26,70.1555353825847,44.4650809623886
OIL-000396,TXR-0060,2023-07-19,147.82943260630861,55.43894849949062
OIL-001540,TXR-0225,2023-05-17,10.115851230535384,52.739385498311904
OIL-001377,TXR-0200,2024-05-30,127.3935649069054,40.314927208735575
OIL-000068,TXR-0011,2023-10-08,85.74648318955609,54.32942023141349
OIL-000369,TXR-0057,2024-06-27,97.75782966564489,50.71652718838932
OIL-001536,TXR-0225,2023-01-09,3.56576849653722,49.6946842460863
OIL-000661,TXR-0098,2023-10-07,90.98059832844467,53.448251240215676
OIL-000284,TXR-0045,2023-09-25,65.74895582972144,48.702984857719116
OIL-001548,TXR-0226,2023-11-16,121.73180774182052,54.84977394697718
OIL-000044,TXR-0007,2023-01-01,86.77671112110261,53.461610167912596
OIL-000348,TXR-0055,2023-08-14,112.90528075875504,48.215307523275975
OIL-000569,TXR-0084,2024-01-19,22.461210044083593,57.45780024879802
OIL-000614,TXR-0090,2023-08-14,68.09289414453735,65.69215660040228
OIL-001562,TXR-0228,2023-04-06,27.845958622851647,48.320355114754705
OIL-000900,TXR-0131,2023-08-05,59.73279274234357,55.919693852530074
OIL-000707,TXR-0104,2023-12-26,92.05555029588989,51.226768127735255
OIL-000728,TXR-0106,2023-08-31,140.36395059152028,50.95168851368196
OIL-000087,TXR-0014,2023-10-13,62.38656304558142,56.61058025467152
OIL-000265,TXR-0042,2023-06-18,88.91778788228149,54.1566778215512
OIL-001460,TXR-0213,2024-03-19,0.0,54.988310863421226
OIL-000877,TXR-0127,2024-02-22,120.02091198809083,61.902893451765046
OIL-000262,TXR-0042,2023-07-23,132.51918472560791,51.5725008405633
OIL-001099,TXR-0160,2024-02-21,27.20724242331901,57.19675852991024
OIL-000742,TXR-0109,2023-05-11,30.217905689556627,52.21531146559171
OIL-001497,TXR-0219,2023-10-13,20.65519873492271,42.197831080719524
OIL-000906,TXR-0131,2023-09-12,44.42026052204669,56.70237285246356
OIL-001359,TXR-0197,2024-05-20,31.982545605490593,54.15872578977125
OIL-000432,TXR-0066,2024-06-12,69.0413690136507,57.22408483864933
OIL-001422,TXR-0208,2023-10-21,77.6501332245433,54.71040956117738
OIL-001102,TXR-0160,2023-03-12,3.3631930728119084,51.3105018010165
OIL-000808,TXR-0118,2023-07-22,58.085828101331074,57.00665387742382
OIL-001254,TXR-0183,2023-11-29,85.0180433645741,64.31396078389635
OIL-001320,TXR-0192,2023-05-12,6.108199888951276,65.77281190126492
OIL-000833,TXR-0122,2023-05-15,146.51804604248017,59.84524251266215
OIL-000782,TXR-0114,2023-12-16,60.12009546323843,50.01133501442752
OIL-001569,TXR-0229,2023-09-07,42.61635233390976,51.335581547436874
OIL-000968,TXR-0140,2023-11-22,58.16876798346977,55.14909700097111
OIL-001461,TXR-0213,2023-09-09,23.452408871746137,62.622958967871654
OIL-001483,TXR-0215,2023-11-30,92.14252531212442,52.764601886354185
OIL-000785,TXR-0115,2024-05-19,105.86218277244919,72.08548633499782
OIL-001252,TXR-0182,2023-03-03,53.47896422525511,38.42079301113614
OIL-001126,TXR-0164,2023-09-25,149.89916283584964,59.10835233227923
OIL-000519,TXR-0077,2023-08-26,228.9576461046623,51.793626339020065
OIL-001316,TXR-0192,2024-01-22,15.637210219103688,74.58467397022405
OIL-000975,TXR-0141,2024-02-18,92.44391203631659,66.09323237369134
OIL-000760,TXR-0112,2023-04-20,68.45815489848741,63.497798563556145
OIL-001213,TXR-0176,2023-08-11,127.00438697969422,60.65688078394626
OIL-000881,TXR-0128,2023-03-08,73.33974379670606,55.64894648440845
OIL-001096,TXR-0159,2024-05-13,52.985434968348,46.61808290865588
OIL-000034,TXR-0005,2024-01-17,91.90073457997016,53.280085822781935
OIL-000324,TXR-0051,2023-11-09,62.20560542154014,66.08277695874209
OIL-000898,TXR-0130,2023-12-17,79.77876360874346,51.78880502854861
OIL-001388,TXR-0202,2023-12-22,57.50162308504164,54.463416235108824
OIL-000193,TXR-0031,2024-03-15,103.58424384026921,46.593789038157844
OIL-000458,TXR-0068,2023-08-11,108.09339269655707,43.291420500978745
OIL-000465,TXR-0069,2023-08-31,76.96552769482992,62.35052885821615
OIL-000441,TXR-0067,2024-05-06,39.57623418535112,67.03123175133216
OIL-000163,TXR-0026,2024-02-10,131.1238284670607,59.01041514998375
OIL-000410,TXR-0062,2023-05-15,27.277651957952827,58.40582967412889
OIL-000498,TXR-0074,2023-07-08,72.72644064179391,53.27809686546546
OIL-001560,TXR-0228,2023-07-31,20.188281114313096,47.64960040920131
OIL-000123,TXR-0019,2024-02-14,184.70903473659118,57.50362850794873
OIL-001489,TXR-0217,2024-01-21,84.98317707244706,54.35700389019967
OIL-000147,TXR-0023,2023-12-03,64.81939120906104,47.61539910230728
OIL-000596,TXR-0088,2023-01-18,103.38294360672855,41.57819095764736
OIL-000814,TXR-0119,2023-01-20,115.01595703510276,61.6547022225666
OIL-000464,TXR-0069,2023-06-27,101.61561505656175,45.77960895953363
OIL-000672,TXR-0099,2023-11-02,102.09585124152711,50.11346538093799
OIL-001482,TXR-0215,2024-04-13,93.57685455357542,39.80941430075191
OIL-000532,TXR-0079,2023-03-25,51.331907625533354,51.2159787439247
OIL-000876,TXR-0127,2024-03-24,125.41660070749738,54.29717064986854
OIL-000974,TXR-0141,2023-09-25,123.14937257393426,64.37988189435733
OIL-000991,TXR-0144,2023-01-27,112.57864514876371,57.00746816783433
OIL-000901,TXR-0131,2023-03-20,56.94641536292101,65.0340605953202
OIL-001250,TXR-0182,2024-03-31,25.346181220310413,41.507176971262986
OIL-000336,TXR-0053,2023-10-09,52.120408505623246,56.88813936158493
OIL-001071,TXR-0156,2023-11-26,62.23557487594866,55.25360476801025
OIL-000452,TXR-0068,2023-12-27,106.02259834290305,32.47017480984826
OIL-000321,TXR-0050,2023-07-30,30.39528428751894,53.82949111791231
OIL-000987,TXR-0143,2024-02-21,46.37572362747594,49.67302545306611
OIL-000744,TXR-0109,2023-05-25,34.739420006456214,62.75081422283179
OIL-001580,TXR-0230,2023-04-14,78.27649713791862,61.47144166977108
OIL-000030,TXR-0004,2023-10-10,137.64943610157434,46.83416184763823
OIL-000162,TXR-0026,2024-01-03,129.66435643360003,53.53963392910709
OIL-000779,TXR-0114,2024-01-06,75.22062574501844,62.861233133453155
OIL-000748,TXR-0110,2023-04-16,27.470085985879045,50.245263293506994
OIL-001387,TXR-0202,2024-04-30,36.173431750499574,59.24845351854161
OIL-000509,TXR-0075,2024-01-05,104.64639592895543,46.67372950185589
OIL-000600,TXR-0088,2024-01-28,144.01589103188812,39.86675575440036
OIL-000606,TXR-0089,2023-05-09,128.95526952189726,63.21880929913513
OIL-000657,TXR-0097,2023-07-06,54.604375936970044,58.33743762065315
OIL-000488,TXR-0072,2023-01-04,83.42176626910626,53.4190629869176
OIL-000342,TXR-0054,2023-01-04,39.65219558712078,41.8605059260549
OIL-000472,TXR-0070,2023-06-16,60.73481177530103,74.58758600259729
OIL-001444,TXR-0211,2024-06-07,123.74661100243681,54.924433868512054
OIL-001356,TXR-0197,2023-05-22,40.37012889509966,59.66560593123298
OIL-001150,TXR-0167,2024-04-27,101.69319195867722,52.624407029390206
OIL-001293,TXR-0189,2024-06-10,187.34255698626836,66.70065326538393
OIL-001464,TXR-0213,2023-11-21,1.2414212631538135,55.62894523567211
OIL-000821,TXR-0120,2023-12-30,50.69572489952695,58.02831536192525
OIL-000826,TXR-0121,2023-08-11,81.19872735989028,62.01441547989881
OIL-001355,TXR-0197,2023-11-18,21.972080432789625,55.13425418900622
OIL-001154,TXR-0168,2023-12-05,14.502602657399853,59.592066850377385
OIL-000777,TXR-0114,2024-02-28,93.18458716817321,52.66365197923152
OIL-000631,TXR-0093,2024-06-02,199.94343408906545,64.26938963680271
OIL-000960,TXR-0138,2024-03-26,-113.60341683572187,55.11228792735072
OIL-000951,TXR-0137,2023-01-16,103.94570173255694,70.40747256734335
OIL-000930,TXR-0134,2023-02-11,29.13749732523716,48.98187994299791
OIL-000122,TXR-0019,2024-04-19,172.10265982331367,56.706293217987266
OIL-001563,TXR-0228,2023-11-29,35.92985617029119,42.70201507623567
OIL-000776,TXR-0113,2023-03-21,88.69360161092914,72.14916279769884
OIL-001490,TXR-0217,2024-06-25,89.50313275741252,58.36054496335094
OIL-001040,TXR-0152,2023-09-26,112.82034611433784,32.28082001118205
OIL-000784,TXR-0114,2024-05-25,86.27650495972811,61.365471848879395
OIL-000364,TXR-0057,2024-03-06,114.3942072494835,56.57688219007721
OIL-000205,TXR-0032,2024-05-27,54.40098479607089,67.13166772074965
OIL-000026,TXR-0004,2023-01-14,111.69316462348198,45.36215845600317
OIL-000878,TXR-0128,2024-06-06,62.93473792775173,53.17025400969138
OIL-000564,TXR-0083,2023-04-18,120.27023722538522,60.49240460138099
OIL-000374,TXR-0058,2023-06-14,65.36132686324838,54.216504526613036
OIL-000069,TXR-0011,2023-04-16,68.29235376320105,45.60075871753441
OIL-001288,TXR-0188,2024-06-05,60.44476160065881,53.408693298604206
OIL-000686,TXR-0101,2023-03-22,74.00437095538766,52.86461011591977
OIL-001079,TXR-0157,2023-10-16,126.98167404482277,54.44983740034607
OIL-000984,TXR-0143,2024-04-01,49.398994109107306,47.966061250125236
OIL-001128,TXR-0164,2023-08-01,108.53387615182089,58.98167994611043
OIL-001352,TXR-0196,2023-07-29,54.520212408331744,61.23021278302888
OIL-001434,TXR-0209,2023-08-14,186.93263985498425,61.64432365839494
OIL-000390,TXR-0060,2024-01-19,156.70850106151784,44.24815072233772
OIL-000767,TXR-0112,2023-12-08,77.53615980057793,55.33629877654361
OIL-000478,TXR-0071,2023-12-22,24.386674772479505,50.24646788944435
OIL-000796,TXR-0117,2023-02-28,128.89656420085373,52.309412714392444
OIL-001576,TXR-0229,2024-02-08,63.21129588437611,57.12337049820336
OIL-000940,TXR-0135,2024-01-15,175.32915850181683,58.86420875911331
OIL-001017,TXR-0147,2023-01-07,129.54222587701352,62.62562420342206
OIL-001134,TXR-0165,2023-12-03,124.90655936819522,53.87700492140709
OIL-000850,TXR-0124,2023-10-02,125.3831550209859,46.0324263875694
OIL-000225,TXR-0036,2023-06-03,40.4041016386205,44.52193931256249
OIL-000258,TXR-0041,2023-10-21,143.95177071133534,61.98237080434166
OIL-001449,TXR-0212,2024-05-22,59.13678032224528,66.44749436418074
OIL-001539,TXR-0225,2023-08-21,0.0,52.7057661689693
OIL-000790,TXR-0116,2023-10-07,161.45293006203696,58.64603038372247
OIL-001261,TXR-0184,2024-03-09,86.33540245957248,54.83553190432833
OIL-000800,TXR-0117,2023-02-23,136.3734926115885,53.18494717152022
OIL-000554,TXR-0081,2023-10-05,80.06728101865122,62.73276801555717
OIL-000220,TXR-0035,2023-08-09,94.72195639180866,51.06641137807514
OIL-001353,TXR-0196,2023-01-29,52.23036214112241,51.279881315396246
OIL-000963,TXR-0139,2023-09-07,62.93490713072977,58.647022239991315
OIL-000939,TXR-0135,2023-12-06,164.834635138583,57.18106233176604
OIL-001153,TXR-0168,2023-09-24,25.881285881203674,62.37278661266484
OIL-001368,TXR-0199,2024-06-04,170.3783533803493,46.42742837028983
OIL-001208,TXR-0176,2023-09-17,118.45882728614615,62.52978131022751
OIL-000909,TXR-0132,2023-07-02,139.78876664207908,59.677657939606846
OIL-000393,TXR-0060,2023-09-05,119.87078879960052,44.233984039938385
OIL-000275,TXR-0044,2024-06-11,227.06371095315131,61.01946290897402
OIL-001412,TXR-0206,2023-05-29,118.10602417603161,48.67795593425655
OIL-000164,TXR-0026,2023-09-12,123.37748684576913,53.02367075576809
OIL-000330,TXR-0052,2024-05-26,100.05371542715741,55.54995075783089
OIL-001547,TXR-0226,2023-02-16,144.22911842834827,56.89947524030982
OIL-001335,TXR-0194,2024-01-24,105.10761039684125,55.08384894015978
OIL-001556,TXR-0227,2024-05-24,118.78424685294718,62.36766322685196
OIL-001593,TXR-0232,2024-04-01,120.16364258675785,49.830962502324745
OIL-000908,TXR-0131,2023-07-04,56.3473266962853,65.332463394191
OIL-000685,TXR-0100,2024-04-24,34.74781788611002,63.726015670382
OIL-001575,TXR-0229,2024-04-15,37.195307151962126,56.11636205041515
OIL-000357,TXR-0056,2024-03-12,95.73972523948522,54.77333182004201
OIL-001104,TXR-0160,2023-03-13,5.639327243410525,53.750108511899974
OIL-000072,TXR-0012,2024-06-14,23.04500936593166,44.61223074999449
OIL-000755,TXR-0111,2023-07-23,86.98749207587522,60.57266990172324
OIL-000137,TXR-0022,2024-06-02,108.92057094087562,64.30562911605385
OIL-000917,TXR-0132,2023-10-22,157.1361553172726,55.96696562969748
OIL-000911,TXR-0132,2023-03-01,143.52612854546854,44.18079701482184
OIL-000192,TXR-0030,2024-05-11,135.64965819745183,51.67102482806608
OIL-000907,TXR-0131,2023-03-03,60.90672122655676,59.981596842575385
OIL-000635,TXR-0094,2024-04-22,0.0,48.22622411689892
OIL-000838,TXR-0123,2024-02-13,70.82829776522658,45.59803405679323
OIL-001249,TXR-0181,2023-01-07,52.97267171766844,50.79623003759829
OIL-000706,TXR-0104,2024-01-16,269.43281095554113,44.233690019580614
OIL-001526,TXR-0223,2023-03-04,104.54529053322358,46.464575054000974
OIL-001374,TXR-0199,2023-10-17,168.27545525530087,51.73780888267409
OIL-000310,TXR-0049,2024-01-21,171.64033556710646,45.85173407045445
OIL-000910,TXR-0132,2023-07-11,133.78598909545408,60.9810996022568
OIL-000729,TXR-0107,2024-05-19,21.716213113857933,49.074154265623044
OIL-000842,TXR-0123,2023-04-07,45.00917316591257,43.993150425506755
OIL-000902,TXR-0131,2023-01-13,73.94410834243784,62.088652400412116
OIL-001180,TXR-0172,2023-04-25,76.0551346834229,43.80109356497381
OIL-000526,TXR-0078,2023-04-15,168.77220573651954,45.04684053905009
OIL-001304,TXR-0190,2023-02-28,64.11748330138595,44.33460829962737
OIL-001189,TXR-0173,2024-02-05,119.78407541022284,56.827624019428
OIL-000611,TXR-0090,2023-03-06,82.16250298843148,56.89101073992977
OIL-001332,TXR-0194,2023-02-20,125.67462855513936,60.05176825028214
OIL-000546,TXR-0080,2024-04-17,134.10034051507762,66.2914417199202
OIL-000955,TXR-0138,2024-03-18,131.9130843011681,65.46759828197402
OIL-000287,TXR-0046,2023-11-02,87.33158090933841,48.318788164843255
OIL-000809,TXR-0118,2023-08-11,64.79273486616347,48.30611985783405
OIL-000062,TXR-0010,2024-05-31,116.68399761142912,40.209480435168366
OIL-000168,TXR-0026,2024-02-27,107.39953402088567,58.42576177744362
OIL-000099,TXR-0016,2024-05-10,166.56230627061342,74.21893821521584
OIL-000476,TXR-0071,2023-05-08,12.852321919836726,54.161173503685475
OIL-000280,TXR-0045,2024-02-20,50.2713476776553,48.00329374280897
OIL-000040,TXR-0006,2024-02-06,32.83063154326001,36.18207274222557
OIL-000654,TXR-0097,2024-01-01,76.35517936200559,56.519039689736005
OIL-000169,TXR-0027,2023-04-07,64.97044596537708,53.44130159840533
OIL-000298,TXR-0047,2024-02-17,49.275179687020525,58.25764728108232
OIL-000223,TXR-0035,2024-01-20,324.7795845381079,47.73827406422478
OIL-001528,TXR-0223,2024-05-07,113.38146515606554,49.492969123936135
OIL-000350,TXR-0055,2023-10-20,114.24056188809307,48.80651553109928
OIL-000376,TXR-0058,2023-01-30,81.05753681526869,54.60574883399773
OIL-000913,TXR-0132,2024-01-15,106.27170116419894,60.181005130172046
OIL-001118,TXR-0162,2023-07-30,70.84055963009095,55.72418443171611
OIL-001317,TXR-0192,2023-04-01,28.13972868417767,64.88626515851809
OIL-000320,TXR-0050,2024-02-13,41.7317798666539,47.11882201286706
OIL-000691,TXR-0101,2023-08-01,45.13093648458686,48.6183038505475
OIL-000071,TXR-0011,2023-04-17,116.16316546881207,43.605933873435944
OIL-000049,TXR-0008,2024-02-16,90.50172458984582,62.21437918500444
OIL-000493,TXR-0073,2024-01-23,116.59993502233118,58.247849890125
OIL-000618,TXR-0091,2024-02-06,-64.32741017595123,60.014133541237726
OIL-000770,TXR-0113,2024-06-03,81.31489230276974,53.83248702212201
OIL-000313,TXR-0049,2023-01-21,148.64312898777433,48.63395893387151
OIL-001472,TXR-0214,2024-06-20,36.63488154459573,50.417780324750595
OIL-001173,TXR-0171,2024-02-10,80.75283864870062,54.17894521280879
OIL-001167,TXR-0170,2023-05-09,97.30258885387445,56.07401167416079
OIL-001074,TXR-0157,2023-01-13,120.69015922124626,70.6029423405063
OIL-000018,TXR-0003,2024-04-24,104.82817950134141,67.19705938687596
OIL-000244,TXR-0040,2023-07-23,152.6728192510966,46.50592315314776
OIL-000866,TXR-0126,2024-02-11,59.42630317344366,58.82133572187858
OIL-001463,TXR-0213,2023-06-22,0.0,67.75353177186804
OIL-000200,TXR-0031,2023-03-05,65.91418471401526,52.14384524981374
OIL-000056,TXR-0009,2023-09-29,113.45456091825534,53.46959405518175
OIL-001541,TXR-0225,2023-08-13,0.0,59.73286410832539
OIL-000860,TXR-0125,2023-08-26,68.17428940817908,53.467320222059875
OIL-000773,TXR-0113,2023-01-19,118.68028235638161,61.22602995641888
OIL-000445,TXR-0067,2024-03-16,26.627291082088185,64.74329887522804
OIL-001426,TXR-0208,2024-01-10,24.237084621862962,53.90686982417496
OIL-001504,TXR-0220,2023-12-06,63.18832493565499,60.94321904553366
OIL-001443,TXR-0211,2024-06-13,171.0175592478121,56.501245930977674
OIL-000941,TXR-0135,2023-10-01,149.81913232827011,50.8860118174464
OIL-000894,TXR-0130,2024-06-22,36.7825345252898,65.0477316799097
OIL-001365,TXR-0198,2024-02-12,0.0,58.68368984773231
OIL-001109,TXR-0161,2024-01-11,97.62587503046859,53.67831915157453
OIL-001247,TXR-0181,2023-08-08,80.72481641576823,49.38163584423044
OIL-001363,TXR-0198,2024-06-07,0.0,57.13226068169708
OIL-000827,TXR-0121,2024-02-15,68.03118358248207,67.79092159672201
OIL-000397,TXR-0061,2023-12-16,64.2846448771238,47.2488402202769
OIL-001486,TXR-0216,2024-03-25,133.59443810217644,50.80202104429253
OIL-001415,TXR-0206,2023-11-30,123.04804554336673,41.33104069541766
OIL-000640,TXR-0095,2024-01-11,78.63506725768183,43.15909799577684
OIL-000145,TXR-0023,2024-03-08,87.60794463539446,63.38917525242524
OIL-001438,TXR-0210,2023-07-04,50.56702130497354,53.724906210195066
OIL-001358,TXR-0197,2023-05-05,55.958358525392775,58.24291076242951
OIL-000733,TXR-0107,2024-01-22,45.872473159308214,49.55740806424056
OIL-001501,TXR-0219,2023-03-14,31.0206272480006,44.05677427301445
OIL-000108,TXR-0017,2023-04-26,27.528663691446614,53.2101523973333
OIL-000692,TXR-0102,2023-04-14,90.76404593949262,65.45660949439204
OIL-000524,TXR-0078,2023-05-31,155.91731104492283,47.68575971695649
OIL-001476,TXR-0215,2023-05-02,95.24691749724461,48.98746354999289
OIL-001007,TXR-0146,2023-06-06,73.55247468448171,60.45808973531846
OIL-000480,TXR-0071,2023-10-10,27.503994915780503,54.79707038061182
OIL-000743,TXR-0109,2024-04-23,6.3537687842992945,51.19704898139787
OIL-001581,TXR-0230,2023-08-25,83.18416916000506,62.968373287874385
OIL-001568,TXR-0228,2024-01-21,46.094883010836384,46.2810361061998
OIL-001045,TXR-0153,2023-11-03,199.8947302881943,57.50713413496311
OIL-000217,TXR-0034,2024-03-28,88.74686835433374,53.640098368977036
OIL-000447,TXR-0067,2023-11-27,42.71000743301845,52.52338367196005
OIL-000485,TXR-0072,2023-07-10,-110.33986733100343,46.174378260700365
OIL-001419,TXR-0207,2023-11-08,148.66506478746678,53.889528317844146
OIL-000719,TXR-0106,2023-05-15,152.0644756954488,40.713980410318214
OIL-000953,TXR-0137,2023-05-12,133.71346078939573,56.07530872326005
OIL-000166,TXR-0026,2024-02-05,117.53966721862174,50.57634387174994
OIL-000333,TXR-0053,2023-06-22,64.74773110275306,56.17562353825959
OIL-000398,TXR-0061,2023-12-01,64.09155657507213,53.521300626234485
OIL-000029,TXR-0004,2023-01-07,142.01910827704666,33.44154719148594
OIL-001566,TXR-0228,2024-06-16,34.057338259587695,46.43980941731136
OIL-001179,TXR-0172,2023-09-18,67.0174664850579,45.39101944642853
OIL-001067,TXR-0156,2024-01-21,19.711397042319447,41.33701984955924
OIL-000102,TXR-0016,2023-02-04,111.60149387771605,67.33174972076714
OIL-000401,TXR-0061,2024-04-27,29.99676505820668,54.632045839295884
OIL-001318,TXR-0192,2024-03-08,35.04231623970027,61.22017731371813
OIL-001038,TXR-0152,2023-04-24,149.08618951487347,27.32172481710656
OIL-001446,TXR-0211,2023-12-31,155.15335602789196,49.45740253677778
OIL-000175,TXR-0028,2023-07-14,75.47600045786362,57.12189567656159
OIL-000187,TXR-0029,2023-04-15,61.888585346520586,64.58963022997614
OIL-000937,TXR-0135,2024-05-20,124.49067691955815,61.537541857746795
OIL-000306,TXR-0048,2023-05-29,48.627790126005785,64.8767038195636
OIL-000739,TXR-0109,2023-03-26,56.677499320002944,54.36349925817617
OIL-001144,TXR-0166,2024-06-08,148.28031813926265,48.86085610381427
OIL-000456,TXR-0068,2023-10-19,125.34181479923012,35.69067838229213
OIL-000810,TXR-0118,2023-07-07,44.96127957702682,52.37113112949819
OIL-000002,TXR-0001,2024-06-19,142.14337800219806,66.52235310415199
OIL-000998,TXR-0144,2023-12-28,127.87494027987437,47.24008749450347
OIL-000489,TXR-0072,2024-01-12,89.46759166637189,62.91501484328086
OIL-000438,TXR-0066,2023-12-22,28.18508536236692,63.32420601372836
OIL-001158,TXR-0168,2024-06-15,20.812640141607964,54.93749641474509
OIL-001221,TXR-0177,2024-06-05,145.95287744478136,53.49354823482589
OIL-000801,TXR-0117,2023-03-30,125.01576461375278,54.78757206271858
OIL-001294,TXR-0189,2023-07-02,197.5570174300155,58.14080283384931
OIL-000604,TXR-0089,2024-06-30,133.86240506053284,69.38073836169443
OIL-001130,TXR-0164,2023-02-11,147.05619075922863,60.80585325058376
OIL-001354,TXR-0197,2023-04-12,73.01703737519726,64.18010284078639
OIL-000361,TXR-0056,2023-02-25,70.2865867217251,49.61007059837479
OIL-000958,TXR-0138,2024-04-01,92.90573015387731,57.84640973297145
OIL-001101,TXR-0160,2023-02-02,0.0,56.98349354315229
OIL-001270,TXR-0185,2023-02-23,60.93903113164842,44.069222982033004
OIL-001393,TXR-0203,2023-10-19,98.8552883965582,63.99145029114601
OIL-001598,TXR-0232,2023-03-22,101.56567126889837,44.03971117375496
OIL-001062,TXR-0155,2023-05-28,41.219594600784276,37.00665468362343
OIL-000098,TXR-0016,2023-07-04,164.40605690018236,67.74673149711006
OIL-001505,TXR-0220,2023-11-12,77.90372079955122,53.84903074643698
OIL-001082,TXR-0158,2023-04-02,34.84625829950363,59.858510429755476
OIL-000857,TXR-0125,2023-04-25,55.847382440027076,57.292850254077514
OIL-000508,TXR-0075,2023-04-10,75.98240916775357,46.03847449143967
OIL-001161,TXR-0169,2023-12-09,119.55324407391745,57.71321490544963
OIL-000895,TXR-0130,2023-10-06,-103.34775612594835,47.83125332567141
OIL-000023,TXR-0004,2024-03-22,151.86647008231492,47.484907796274065
OIL-001507,TXR-0220,2024-04-26,47.05274940926812,55.38323361463306
OIL-000078,TXR-0013,2023-06-29,117.992645578251,44.194899458860256
OIL-000197,TXR-0031,2023-05-03,112.46707579632564,54.11860812137908
OIL-000980,TXR-0142,2024-04-12,87.14486485588425,52.03475035520924
OIL-001468,TXR-0214,2023-06-03,14.330933564703365,57.08130933045601
OIL-000836,TXR-0122,2023-09-12,134.85309480427136,46.872237234439176
OIL-000660,TXR-0097,2024-05-29,76.05556008459759,58.51912610710186
OIL-001217,TXR-0177,2023-10-01,157.7503730238075,67.84911612756623
OIL-001523,TXR-0222,2024-06-04,76.33904431704929,52.39246499365956
OIL-001229,TXR-0178,2023-10-26,102.7016196247523,46.90226515606298
OIL-000019,TXR-0003,2023-10-19,79.3336420956313,54.05675999419104
OIL-001597,TXR-0232,2023-06-13,125.98498861781741,44.72166810122024
OIL-000864,TXR-0126,2024-03-18,68.55129594618042,59.307549132684926
OIL-000249,TXR-0040,2024-05-23,131.71741279049735,60.87799812762435
OIL-001550,TXR-0227,2023-09-20,121.83494272432532,59.339173178288945
OIL-001022,TXR-0149,2023-07-17,28.522254038591,62.666626222125025
OIL-001421,TXR-0208,2024-01-15,74.73425746632748,46.837202351154296
OIL-000231,TXR-0037,2023-09-25,115.58296576314764,56.83956730921443
OIL-000587,TXR-0086,2023-04-13,61.17823577401791,49.603485749684786
OIL-000676,TXR-0099,2023-12-07,101.0752833589261,37.39388074500733
OIL-000550,TXR-0081,2023-02-22,123.0853599579709,63.386361491484244
OIL-000157,TXR-0025,2023-07-05,98.97771671886223,50.67607292291318
OIL-001016,TXR-0147,2023-08-26,148.38489781141544,59.554330344032856
OIL-000416,TXR-0063,2024-06-17,45.35043046695367,62.49392242464968
OIL-001203,TXR-0175,2023-05-14,40.78709769607021,60.39534172035566
OIL-000629,TXR-0093,2023-10-28,190.32462189848468,59.29614586580176
OIL-000949,TXR-0137,2023-05-23,94.60953169660897,67.89939496579004
OIL-001435,TXR-0209,2023-04-18,203.12877471355995,64.927942733792
OIL-000082,TXR-0013,2023-03-29,142.8405082353857,46.37814070951298
OIL-000059,TXR-0009,2024-06-05,91.44841319102558,52.280670433354885
OIL-000543,TXR-0080,2023-05-26,113.69610931510037,48.88642669033269
OIL-000725,TXR-0106,2023-04-28,130.20451094817253,50.69975578997311
OIL-001413,TXR-0206,2023-09-27,90.75575025628551,48.659978764263606
OIL-000352,TXR-0055,2024-01-09,109.04209065966866,55.86145688423011
OIL-000935,TXR-0134,2023-07-05,193.1323639642208,50.5540617152927
OIL-001430,TXR-0209,2023-12-22,203.30586498501034,59.41905418518416
OIL-001283,TXR-0188,2023-12-30,106.42697513669303,56.59815344498226
OIL-001595,TXR-0232,2023-12-26,136.49590693594433,45.22056869718293
OIL-000042,TXR-0006,2023-06-27,68.19542122877864,52.02311283330578
OIL-000422,TXR-0064,2023-08-31,82.70568050515227,63.52929490454738
OIL-000118,TXR-0018,2023-10-22,63.99096243400833,59.21350366984258
OIL-000841,TXR-0123,2024-03-04,33.071610016245046,44.020851163262456
OIL-000565,TXR-0083,2023-11-04,118.83635235743057,66.11658147993963
OIL-001364,TXR-0198,2023-06-04,0.3166794252837981,51.5290770123337
OIL-000329,TXR-0052,2024-02-16,94.62000125645869,60.08655529504
OIL-000201,TXR-0032,2023-01-06,61.30125663532858,67.85401550477481
OIL-000673,TXR-0099,2023-03-06,105.24037047785109,38.4330637293161
OIL-000211,TXR-0033,2024-05-02,117.30001919502703,50.13635239862208
OIL-000061,TXR-0010,2023-10-24,117.5658452476969,52.01527461645513
OIL-000194,TXR-0031,2023-01-11,71.64427361309403,50.5370198062442
OIL-000931,TXR-0134,2023-11-06,28.725924127520653,46.75490697331498
OIL-001139,TXR-0165,2024-01-30,133.67290924367583,52.32738953658187
OIL-000138,TXR-0022,2023-02-20,136.9412532881456,57.62524668367377
OIL-000882,TXR-0128,2024-06-23,57.629053797539235,57.82767549621237
OIL-000612,TXR-0090,2023-10-31,87.9894212485288,60.28446345813879
OIL-001110,TXR-0161,2024-03-14,115.57916977864966,54.76233936838173
OIL-000946,TXR-0136,2023-08-15,187.3572767069935,42.0872269953874
OIL-001470,TXR-0214,2023-08-27,33.440918531014574,45.41062630578539
OIL-000195,TXR-0031,2023-11-09,114.34192193165094,55.24616144536851
OIL-000817,TXR-0119,2024-04-10,68.2977067265812,65.06362552621876
OIL-000028,TXR-0004,2023-06-06,111.45016563241802,35.94668156802623
OIL-000845,TXR-0123,2023-01-21,25.6362690134706,38.98284484313053
OIL-000624,TXR-0092,2024-01-28,165.24913874488755,42.76456571526675
OIL-000529,TXR-0078,2023-06-15,173.14968313545683,45.37072688067755
OIL-001441,TXR-0210,2024-03-20,43.88909073950768,48.002639491205
OIL-000218,TXR-0035,2024-03-27,76.81374631803912,47.953639270534325
OIL-000381,TXR-0059,2024-05-27,88.04362189112112,47.72067732302452
OIL-000504,TXR-0075,2024-02-12,80.75146690540646,52.30797482266679
OIL-000427,TXR-0065,2023-03-15,54.9100375718813,45.78741292500597
OIL-000395,TXR-0060,2023-07-20,140.34097694134107,52.46841891760721
OIL-000178,TXR-0028,2023-10-22,323.4890413117945,58.870947724747055
OIL-000505,TXR-0075,2023-04-14,94.73950017793435,53.07498367369935
OIL-000083,TXR-0013,2023-10-31,138.57477851932083,54.528024183531
OIL-000471,TXR-0070,2023-03-06,98.64684641606095,71.96627312856852
OIL-000085,TXR-0014,2023-05-24,51.917054519648374,56.4494329049169
OIL-000886,TXR-0128,2024-01-07,52.68557334496836,54.732086221012345
OIL-000521,TXR-0077,2024-05-26,213.76341237839492,61.373258421291
OIL-001343,TXR-0195,2023-06-02,31.763964364179692,57.232574307399496
OIL-001265,TXR-0184,2023-11-27,74.0957886696186,60.611345741706025
OIL-000353,TXR-0056,2024-02-08,77.6208213679422,51.707271531545224
OIL-000286,TXR-0045,2023-12-03,48.03207705484733,57.80905535792059
OIL-000037,TXR-0006,2023-05-09,89.70704700211942,45.02090332702639
OIL-001209,TXR-0176,2023-03-16,97.46887342288744,63.3572800637739
OIL-000869,TXR-0126,2024-02-19,83.8394898922723,55.84374649051613
OIL-001495,TXR-0218,2023-06-02,42.00416646515138,47.26659255933474
OIL-000994,TXR-0144,2023-10-11,99.64982400365473,59.80903476378731
OIL-001473,TXR-0214,2023-02-12,38.16932072979714,62.49944359026232
OIL-001572,TXR-0229,2023-12-10,36.906794768219406,54.43025132603111
OIL-001425,TXR-0208,2023-01-15,51.44269907997014,50.494632355206434
OIL-000648,TXR-0096,2024-05-05,123.38796088364181,68.66433194337047
OIL-001400,TXR-0204,2023-01-17,200.39742840506995,53.596410800421054
OIL-001371,TXR-0199,2023-12-10,128.54498871063538,44.657387291079914
OIL-001558,TXR-0227,2023-07-06,87.06742490950977,59.600427138833865
OIL-001008,TXR-0146,2024-05-23,60.98004520043014,55.987249419788874
OIL-001018,TXR-0148,2024-05-06,104.70078195301424,47.92535614955343
OIL-001033,TXR-0150,2024-03-29,116.58952525443077,62.4636052629375
OIL-000009,TXR-0002,2023-01-02,84.74580015693014,52.663194730320825
OIL-000932,TXR-0134,2023-02-19,34.19900523608507,50.727148743041816
OIL-001549,TXR-0226,2023-08-21,107.057798216217,42.74214304888596
OIL-000713,TXR-0105,2023-07-06,72.10134090261303,59.111116236202996
OIL-000597,TXR-0088,2023-12-30,108.68861320267472,43.58944708910775
OIL-000727,TXR-0106,2023-03-26,119.41542155872997,56.441320210358185
OIL-000780,TXR-0114,2023-10-19,60.53128025275488,58.809069055516844
OIL-001342,TXR-0195,2024-01-25,60.77567691662163,52.93819092455806
OIL-000662,TXR-0098,2024-05-01,104.35151026167125,59.09577882142808
OIL-001450,TXR-0212,2023-12-10,60.60237726487602,58.849697524176776
OIL-000599,TXR-0088,2023-09-26,114.81438112710173,41.67426481602528
OIL-000655,TXR-0097,2024-02-27,53.63888372415046,76.27052049753638
OIL-001292,TXR-0189,2024-01-11,158.92234971621468,66.10933465530283
OIL-000064,TXR-0011,2023-10-14,91.8741817535522,48.80076898710143
OIL-000402,TXR-0061,2024-02-07,44.85684789666286,52.6424637893827
OIL-001557,TXR-0227,2023-08-02,104.76538012629209,56.083384167616266
OIL-000702,TXR-0104,2023-01-26,73.95371785249377,45.55193003794649
OIL-000574,TXR-0084,2023-07-03,47.2214754857246,59.19472998160345
OIL-000948,TXR-0137,2023-01-06,119.02369167723884,71.57031013763493
OIL-001199,TXR-0174,2023-01-13,87.0324194692814,55.053285510355806
OIL-000592,TXR-0087,2023-09-02,63.08457530639918,67.58500412106335
OIL-001295,TXR-0189,2023-02-08,206.46164725079853,61.872350972578005
OIL-000182,TXR-0028,2024-05-09,66.12165583307801,55.89385418343574
OIL-001451,TXR-0212,2023-06-15,67.55615264137508,59.5383162185061
OIL-000419,TXR-0064,2023-07-28,118.71082012396226,59.17129342967629
OIL-000241,TXR-0039,2024-04-18,98.24433797713947,55.520639713909965
OIL-001253,TXR-0182,2023-03-11,43.30856908988044,39.70414038751971
OIL-000678,TXR-0099,2024-06-04,101.66634977850632,48.80018029691547
OIL-000858,TXR-0125,2023-08-02,70.54095721612472,55.90041287975675
OIL-000534,TXR-0079,2023-08-28,12.422059537013645,53.652890197756335
OIL-000697,TXR-0103,2023-02-12,82.54490744702512,56.52270198456873
OIL-000575,TXR-0084,2023-02-03,33.697934770534765,53.286864098210394
OIL-001039,TXR-0152,2023-03-16,102.385863664608,37.131079507961154
OIL-001326,TXR-0193,2023-03-06,96.55419987321892,58.87735220055413
OIL-000923,TXR-0133,2024-02-20,38.077659451066275,73.57092521480165
OIL-001442,TXR-0210,2023-04-25,51.58041479537572,50.243600509076664
OIL-001227,TXR-0178,2024-06-15,94.18336999200064,46.26606471123135
OIL-001121,TXR-0163,2023-10-08,19.692204464606387,37.356457155140376
OIL-001035,TXR-0151,2024-04-11,46.4577575858397,59.06972592110285
OIL-000794,TXR-0116,2024-04-24,162.00020848007546,66.49500765764833
OIL-001129,TXR-0164,2023-11-16,156.10495381899352,61.817105717591765
OIL-000969,TXR-0140,2023-12-27,41.49582599294875,46.50215952099031
OIL-000120,TXR-0019,2024-04-05,157.1269091860515,56.67104468426228
OIL-000437,TXR-0066,2023-11-24,45.62722317937905,62.75279552968824
OIL-000039,TXR-0006,2023-04-11,65.26209105805795,44.29737037985433
OIL-001174,TXR-0171,2023-09-01,106.83316204401902,54.37783612679453
OIL-000170,TXR-0027,2023-09-12,75.89188796094939,54.601607269895794
OIL-000772,TXR-0113,2023-12-08,80.61659413276689,62.434992663540754
OIL-001405,TXR-0205,2023-08-14,167.2899581681605,40.82234124639967
OIL-000666,TXR-0098,2024-01-26,89.94375320998694,52.73273460559444
OIL-000793,TXR-0116,2023-04-28,166.25963666717416,55.9281359605385
OIL-001469,TXR-0214,2024-01-02,21.162348645288898,55.09378483570908
OIL-000533,TXR-0079,2023-12-03,74.46168621123644,46.8304173072607
OIL-000696,TXR-0102,2023-12-10,65.51177422743575,59.26507396014482
OIL-001278,TXR-0187,2023-01-26,99.69410615784115,66.96772951743478
OIL-000185,TXR-0029,2024-03-07,89.13314665476948,68.71095387394861
OIL-000203,TXR-0032,2024-05-22,81.65468655511522,62.72732595422169
OIL-000538,TXR-0080,2023-03-08,115.78102715210635,56.44010569235144
OIL-001488,TXR-0217,2023-09-06,98.99367978921124,50.01519860359822
OIL-001131,TXR-0165,2023-10-13,142.87038295416565,59.59152208851924
OIL-000136,TXR-0022,2023-12-13,136.49784064976978,63.17470881959157
OIL-000921,TXR-0133,2023-01-03,28.439726986208335,66.22025947952937
OIL-000775,TXR-0113,2024-06-04,76.35220685494957,59.75839124474025
OIL-001477,TXR-0215,2024-04-08,93.92120153464239,50.42108820647145
OIL-001212,TXR-0176,2024-05-09,104.68876443694589,64.44909397910817
OIL-000950,TXR-0137,2024-05-13,87.26383353138478,57.47436247332097
OIL-001257,TXR-0183,2023-05-29,88.80010857813394,59.5144897103811
OIL-000893,TXR-0129,2023-04-03,64.15870975465167,45.74031582584005
OIL-001376,TXR-0199,2023-04-20,127.48523897776342,48.6093258315738
OIL-001313,TXR-0192,2023-06-03,29.00064245875738,69.32499861152397
OIL-000269,TXR-0043,2024-04-05,98.62502222862521,42.86435642106696
OIL-001296,TXR-0189,2023-06-02,202.8645363842703,57.74151793739779
OIL-000734,TXR-0108,2023-07-19,174.8723105173173,57.569295389810705
OIL-000626,TXR-0092,2024-05-14,150.15064138991548,38.50396690477439
OIL-000110,TXR-0017,2023-01-06,66.78072483272193,57.34307783198029
OIL-000621,TXR-0091,2023-08-14,132.28061486692573,60.49147760518743
OIL-001383,TXR-0201,2023-08-17,54.741818153395506,59.13025361533509
OIL-000413,TXR-0063,2023-11-22,56.41142253576685,67.46551917256826
OIL-000024,TXR-0004,2023-07-13,126.86887558123523,49.97243626977538
OIL-000383,TXR-0059,2024-05-31,104.85309811858816,51.23078355342271
OIL-001138,TXR-0165,2024-05-06,137.29080487956466,64.24406170428655
OIL-001036,TXR-0151,2023-06-30,49.7059405574727,62.570310123541965
OIL-000824,TXR-0120,2024-01-24,90.64316193978411,67.1173987055445
OIL-001474,TXR-0214,2023-04-11,9.167078862044068,54.0431957018926
OIL-000552,TXR-0081,2023-10-16,127.91088925403976,54.33698675460381
OIL-000022,TXR-0004,2023-12-13,-146.53858610795578,37.887465336211854
OIL-000461,TXR-0069,2023-04-13,118.72385856887153,51.80011130774512
OIL-000647,TXR-0096,2023-03-20,109.21289004046565,66.27758036368083
OIL-001112,TXR-0161,2023-11-17,134.09989128265082,49.98689852284565
OIL-000916,TXR-0132,2023-11-18,153.65682144101285,57.74755692048972
OIL-000892,TXR-0129,2023-07-12,62.96146458774344,57.74396980751164
OIL-001280,TXR-0187,2024-01-29,111.69193905194707,64.52942400022175
OIL-000634,TXR-0094,2024-02-24,0.0,54.646267926722956
OIL-000473,TXR-0070,2023-07-10,118.04007211580569,70.64061120621393
OIL-000977,TXR-0142,2023-06-30,92.6894833648733,45.12230356533866
OIL-000031,TXR-0005,2023-08-06,107.96557626641184,48.936711675580156
OIL-001054,TXR-0154,2023-02-27,85.42342715691882,60.92186620705889
OIL-000786,TXR-0115,2024-01-04,134.41196618205814,72.6201745929974
OIL-000423,TXR-0064,2023-12-27,154.1330463080268,48.15728842895026
OIL-001106,TXR-0160,2023-05-28,16.326458814245278,51.13038267286681
OIL-000417,TXR-0063,2024-04-06,30.44175980666601,51.78124927482024
OIL-001216,TXR-0177,2024-02-12,166.6093025269183,55.041394852684796
OIL-001163,TXR-0169,2023-12-03,109.45412701957186,65.89118268469375
OIL-000798,TXR-0117,2023-09-13,147.4418261763071,49.06516693839179
OIL-001191,TXR-0174,2023-10-11,98.89832589335522,62.09852827387951
OIL-001325,TXR-0193,2024-05-11,70.73109406049083,54.11262996238929
OIL-001248,TXR-0181,2023-08-11,47.83283869782676,47.06996639809728
OIL-000177,TXR-0028,2023-03-23,73.32682440061981,56.56231034349565
OIL-000997,TXR-0144,2023-01-19,101.49024927875278,54.698049817212684
OIL-001246,TXR-0181,2023-05-14,54.42053054893118,54.22730280605575
OIL-000101,TXR-0016,2023-06-04,125.90078094706655,69.62857898343876
OIL-000989,TXR-0143,2023-07-16,91.58609914310676,54.40781412758548
OIL-000081,TXR-0013,2023-02-09,181.86854406889796,52.191880631327706
OIL-001509,TXR-0220,2023-01-17,56.665096540556156,60.5200691920539
OIL-000482,TXR-0071,2024-03-18,41.637361106065356,60.82384993798253
OIL-000511,TXR-0076,2024-06-20,148.0530990815002,69.26605229333617
OIL-001048,TXR-0153,2023-09-13,162.96087908706673,58.87594606815756
OIL-000701,TXR-0104,2023-02-11,77.09657145908228,50.93707494362559
OIL-000271,TXR-0044,2023-08-01,284.5702483096792,55.91102455536899
OIL-000540,TXR-0080,2024-04-01,88.0040049516113,60.39196918126786
OIL-001034,TXR-0151,2023-07-16,36.740096365863444,69.25926834469541
OIL-000112,TXR-0017,2023-07-21,54.90666545919489,56.324153542316154
OIL-000387,TXR-0059,2023-02-27,84.74546637909502,42.71626785454774
OIL-000919,TXR-0133,2024-04-02,15.221668893578268,60.87870696474554
OIL-000871,TXR-0126,2024-02-04,83.61853147874216,57.93948599939776
OIL-000714,TXR-0105,2023-05-23,-77.56762882953784,59.11039618037422
OIL-001350,TXR-0196,2023-09-27,86.5920117498479,59.0423252911048
OIL-000079,TXR-0013,2024-01-20,131.2323389453989,38.33277289159561
OIL-000036,TXR-0005,2023-07-05,90.88663873114592,51.27271358554671
OIL-000150,TXR-0024,2023-07-20,58.253993397136945,50.37959699040151
OIL-000925,TXR-0133,2024-05-05,46.877166531889415,64.10053325432345
OIL-000483,TXR-0072,2023-12-10,105.4481828150206,53.755474720182335
OIL-000716,TXR-0105,2023-04-27,98.39839882947742,56.93670738597571
OIL-001100,TXR-0160,2023-03-07,6.965569051266714,62.227377192421955
OIL-001155,TXR-0168,2023-04-01,6.03800254883927,63.770544581455226
OIL-000327,TXR-0051,2023-07-06,70.72826535534222,67.61216971994091
OIL-000010,TXR-0002,2023-05-10,87.99967327458296,52.16248451259938
OIL-001431,TXR-0209,2023-11-07,220.99557035308894,59.27169472526528
OIL-001160,TXR-0169,2024-05-05,130.4545284997831,57.18726108331855
OIL-000403,TXR-0061,2023-08-15,46.947755430400086,45.39445341887326
OIL-000467,TXR-0070,2024-01-20,92.69678412620672,61.431024003314874
OIL-000583,TXR-0085,2023-06-04,60.54629946103144,66.62229697052834
OIL-000380,TXR-0059,2023-02-10,78.11755842472375,52.86282665175713
OIL-000047,TXR-0007,2024-02-09,100.08806541668018,53.52159292521591
OIL-000444,TXR-0067,2024-06-16,33.066185565142945,65.4692525316706
OIL-000180,TXR-0028,2024-01-17,58.47112347568317,60.21756841407166
OIL-000375,TXR-0058,2023-04-06,80.15177642026066,53.8017477501386
OIL-000928,TXR-0134,2023-10-29,5.82051363373677,60.30215410912617
OIL-000296,TXR-0047,2024-06-23,34.94039410484511,62.44751749174636
OIL-001592,TXR-0231,2023-11-06,59.75891419530045,45.641771587973984
OIL-000922,TXR-0133,2023-09-18,35.80296307153086,63.74067683299852
OIL-000570,TXR-0084,2023-12-04,7.517308988006143,60.947100596027184
OIL-000992,TXR-0144,2023-06-25,141.78436887356847,55.32703316088328
OIL-001499,TXR-0219,2024-03-04,10.144971589364221,39.53966191788345
OIL-001303,TXR-0190,2024-01-16,79.71244897018899,54.86919578710511
OIL-000645,TXR-0096,2024-02-06,89.18544366719779,53.02449422711288
OIL-000795,TXR-0117,2023-03-15,145.74409765118847,60.08179600602243
OIL-000766,TXR-0112,2023-01-22,67.61374693367544,72.26380639186713
OIL-000188,TXR-0030,2023-12-21,156.3076784330652,47.63669077228806
OIL-001462,TXR-0213,2024-05-31,0.0,54.99920573139846
OIL-000307,TXR-0049,2024-01-25,165.183922124208,44.82273305940061
OIL-000080,TXR-0013,2023-06-05,145.08256609368027,37.233223043467255
OIL-001049,TXR-0153,2024-01-17,152.056696344921,63.26559962144057
OIL-001428,TXR-0209,2023-03-09,210.66081065820893,56.469450636496454
OIL-000613,TXR-0090,2023-06-17,106.10983859086726,67.75161968431297
OIL-000589,TXR-0086,2023-02-21,69.82396227689745,58.881970251084525
OIL-001236,TXR-0179,2023-10-18,35.94233799962615,66.02923417690462
OIL-001273,TXR-0186,2024-01-06,142.56175261883664,52.04098237990148
OIL-000745,TXR-0109,2024-02-04,23.862354296360618,58.9171164297943
OIL-001491,TXR-0217,2023-03-19,66.23405761025836,48.57373382928516
OIL-001103,TXR-0160,2023-11-21,5.531839751492013,52.925463100668104
OIL-000334,TXR-0053,2023-01-12,36.604176530502116,46.128133752814335
OIL-001175,TXR-0171,2023-03-03,109.66377609936104,58.54487959744554
OIL-000788,TXR-0115,2024-03-11,117.48201685682648,73.04740156996391
OIL-000747,TXR-0109,2023-07-05,14.930503185177107,58.805211439363596
OIL-001337,TXR-0195,2023-01-26,44.78032070596548,51.53277903540246
OIL-000148,TXR-0024,2024-04-24,65.47410145703458,48.50554535880397
OIL-000025,TXR-0004,2023-01-11,106.94072807540726,43.08262023574226
OIL-000934,TXR-0134,2024-03-03,23.66605956247838,43.14220589906695
OIL-001002,TXR-0145,2023-12-11,60.86837851465187,52.498694183262934
OIL-000537,TXR-0080,2023-09-13,122.24089476573175,63.81317310936954
OIL-000319,TXR-0050,2024-06-08,67.48188187226617,53.409129023226896
OIL-000470,TXR-0070,2023-02-24,82.72905659715961,67.24787389937161
OIL-000435,TXR-0066,2023-09-25,59.07980756063242,71.35075824694385
OIL-000358,TXR-0056,2023-09-30,71.58364573349067,43.600825412497635
OIL-000481,TXR-0071,2024-03-06,28.5715908178694,56.20428641927982
OIL-000250,TXR-0040,2024-01-08,125.44420230252474,53.40768135908095
OIL-000035,TXR-0005,2023-10-07,92.48050452944241,51.223470015976666
OIL-001020,TXR-0148,2023-04-25,116.21195392930706,49.916987112918804
OIL-000466,TXR-0070,2023-08-25,99.73871196240096,62.42960604884028
OIL-001390,TXR-0202,2023-02-03,70.2695315986544,50.12261053314143
OIL-001530,TXR-0224,2024-01-06,50.56384607935877,33.3704343748532
OIL-000804,TXR-0117,2023-11-25,136.30847928552691,51.692318740119035
OIL-001228,TXR-0178,2024-03-07,147.54867496901642,60.15101749924276
OIL-000323,TXR-0051,2024-03-08,73.15569710212044,55.03216168836952
OIL-001263,TXR-0184,2023-11-28,80.05960202730479,54.55782371824804
OIL-000349,TXR-0055,2023-02-08,104.39985626642688,59.66807697874798
OIL-000363,TXR-0057,2023-04-29,97.10244063612049,64.95563931342394
OIL-000425,TXR-0065,2023-10-10,67.72296964896536,47.47320007870913
OIL-000237,TXR-0038,2023-12-23,43.30282696460915,51.69665971862867
OIL-001508,TXR-0220,2023-01-24,51.88668248313132,57.56734604096444
OIL-000558,TXR-0082,2023-08-04,94.64568548238593,49.91137482619132
OIL-001185,TXR-0172,2023-07-19,84.57361864496431,42.43737011947038
OIL-001146,TXR-0166,2024-02-28,118.33983536975012,57.44916252389958
OIL-001349,TXR-0196,2023-12-28,43.14811169905271,58.488241396737955
OIL-000856,TXR-0125,2023-12-14,106.47399410510867,51.20772686420732
OIL-000929,TXR-0134,2024-01-18,19.041980054245883,56.954598770759034
OIL-000065,TXR-0011,2024-05-07,81.69919006548855,45.52713386254116
OIL-001205,TXR-0175,2023-04-19,53.448521308760945,63.36457834397897
OIL-000585,TXR-0086,2023-02-08,72.25908682402547,55.93998292983904
OIL-000172,TXR-0027,2024-02-20,61.132627253155846,60.80737419882765
OIL-001234,TXR-0179,2024-05-26,60.53063947649464,60.93086550836385
OIL-000212,TXR-0033,2024-04-07,82.98568494656514,55.096812143644264
OIL-000973,TXR-0141,2024-02-12,91.08407812290149,67.24148867567476
OIL-000616,TXR-0090,2023-06-01,68.59008110428034,60.68286286150359
OIL-001290,TXR-0188,2024-05-16,93.6070618113681,49.47567732379331
OIL-000041,TXR-0006,2023-02-22,89.9907440790049,41.0785879839613
OIL-001601,TXR-0232,2024-03-17,134.73644322694557,47.39421164771637
OIL-000522,TXR-0078,2023-02-16,146.9323268855835,48.83329505451136
OIL-001255,TXR-0183,2023-08-16,74.57034456546253,59.74785637238958
OIL-000063,TXR-0010,2024-05-13,102.45822971749422,44.52197516296753
OIL-001515,TXR-0221,2023-01-08,90.60546980116366,58.91441060149035
OIL-000308,TXR-0049,2023-06-11,168.97054787252134,50.78231624590306
OIL-001311,TXR-0192,2023-08-17,19.520014232172432,61.95417446742488
OIL-001532,TXR-0224,2023-11-10,55.11759698920211,43.69468433580499
OIL-000699,TXR-0103,2024-03-16,107.41231403163513,43.81599925664874
OIL-001282,TXR-0188,2023-04-21,71.33601372656341,57.527803103820645
OIL-000518,TXR-0077,2023-09-11,212.19856531583844,58.72930191855157
OIL-001384,TXR-0201,2024-03-08,65.37750033232913,50.86007476924788
OIL-000754,TXR-0111,2023-12-04,298.7314544625858,65.60287517772808
OIL-000340,TXR-0053,2023-10-12,69.68630708540536,47.66276418640398
OIL-000117,TXR-0018,2023-08-18,64.70119111738376,61.682795948677374
OIL-000553,TXR-0081,2024-01-20,116.31017902833665,59.86143714724914
OIL-000051,TXR-0008,2024-02-12,101.19027469673263,45.980433472711525
OIL-000388,TXR-0059,2023-05-08,65.27577675670094,53.628922106434686
OIL-000109,TXR-0017,2023-08-03,62.571320394044335,60.295075329287975
OIL-001197,TXR-0174,2023-12-10,97.61291975947535,58.136653549522514
OIL-001334,TXR-0194,2024-02-22,123.40317539528823,62.54261414607964
OIL-000848,TXR-0124,2023-10-06,139.6003482935552,43.85647301488244
OIL-000234,TXR-0038,2024-01-10,30.13068898303034,45.6792744771408
OIL-001243,TXR-0180,2024-02-06,113.72721790406817,47.429503939316696
OIL-001116,TXR-0162,2023-06-01,106.58369276150401,53.01963127404628
OIL-001485,TXR-0216,2023-07-03,121.69086518586904,54.03971944387193
OIL-001124,TXR-0163,2024-06-08,54.40538524232868,32.64881885513634
OIL-000191,TXR-0030,2023-09-20,160.22329067098963,46.88264127778149
OIL-001226,TXR-0178,2023-07-22,121.12372274365244,50.418693365467895
OIL-000620,TXR-0091,2023-04-04,118.62185779183018,56.8520764401118
OIL-000443,TXR-0067,2024-01-24,33.465555191597254,61.315510267010225
OIL-000000,TXR-0001,2023-01-21,145.07357644323497,58.34136852750101
OIL-000936,TXR-0135,2023-07-28,164.64953357049623,63.800904019142706
OIL-000339,TXR-0053,2023-04-09,70.69027560398278,58.9703298050007
OIL-000294,TXR-0047,2023-02-18,39.76172310217527,60.73591524756652
OIL-000536,TXR-0079,2023-05-26,64.11207337338028,50.345349085705216
OIL-000052,TXR-0009,2024-01-05,105.77655423500163,47.080813534386735
OIL-001147,TXR-0167,2023-02-08,116.48044925930097,60.324052972312934
OIL-000460,TXR-0069,2023-08-21,104.43602366135693,62.451091341126954
OIL-000700,TXR-0103,2024-03-14,51.78879639474918,47.85356522490887
OIL-001141,TXR-0166,2023-04-18,136.26989903004957,54.88181947767815
OIL-000345,TXR-0054,2024-05-09,34.467831087293035,45.24495979735181
OIL-000469,TXR-0070,2023-04-01,82.59787797715927,67.17789678388095
OIL-001279,TXR-0187,2023-07-08,86.03535213130523,64.52877725312061
OIL-000179,TXR-0028,2024-05-27,93.03449142331172,60.20552126640067
OIL-000014,TXR-0003,2023-08-27,114.44347575475553,61.48649598113833
OIL-000326,TXR-0051,2023-04-13,60.03126379789247,60.86679197831003
OIL-001269,TXR-0185,2023-03-26,49.08112357694867,42.59141217019297
OIL-000986,TXR-0143,2023-07-26,62.64506956186082,51.191553678606084
OIL-001467,TXR-0214,2024-05-22,22.02595946354222,51.1919969149188
OIL-001207,TXR-0176,2023-05-28,100.42472964487011,55.2544859435572
OIL-001394,TXR-0203,2023-07-01,61.82348909048099,65.64427555229562
OIL-000627,TXR-0092,2024-06-10,154.88143447331336,44.651536238884596
OIL-000377,TXR-0058,2023-03-19,53.84774855566336,45.34428890237335
OIL-001137,TXR-0165,2023-10-28,140.54510063623343,60.58431343708459
OIL-000367,TXR-0057,2023-11-10,111.09990627067549,59.75001528784989
OIL-001030,TXR-0150,2023-10-05,69.1571137168934,53.91166518239207
OIL-000103,TXR-0016,2023-01-04,131.6893160246043,66.28459151107609
OIL-000084,TXR-0014,2023-09-08,83.56197234309579,52.06322738750013
OIL-000979,TXR-0142,2023-06-17,85.01631539384144,59.74750758306973
OIL-001070,TXR-0156,2023-08-28,60.20035599807642,45.67580088696107
OIL-000251,TXR-0040,2024-02-19,130.01516636949182,54.97919698595453
OIL-000695,TXR-0102,2024-02-16,115.38058800360953,56.22970324588016
OIL-000637,TXR-0094,2024-02-04,25.426615187073573,57.72679305919385
OIL-000236,TXR-0038,2024-05-06,54.707269529728194,47.3701634968946
OIL-000944,TXR-0136,2023-07-06,178.72841633509537,32.179623300683005
OIL-000684,TXR-0100,2024-01-03,58.85055837147394,56.153291578971945
OIL-000268,TXR-0043,2023-11-21,85.50114018444204,45.80304808655784
OIL-000865,TXR-0126,2024-04-27,64.12374116495714,48.34620275404528
OIL-000006,TXR-0002,2023-11-09,102.39038255306997,45.794007453959125
OIL-000210,TXR-0033,2024-05-09,93.0667278318592,54.03178267800811
OIL-001510,TXR-0220,2024-01-23,61.705686249334505,63.30182303504347
OIL-000086,TXR-0014,2024-06-28,38.180491432931,52.32543452329703
OIL-000128,TXR-0020,2024-02-18,103.14677707196476,44.26613225867077
OIL-000273,TXR-0044,2024-06-01,73.13151325006572,43.957588263726336
OIL-001480,TXR-0215,2023-07-01,89.05497594182488,45.7143885964212
OIL-000966,TXR-0140,2023-07-22,63.047118970330395,53.54645325332261
OIL-001545,TXR-0226,2023-10-23,130.81003766610488,54.69357258575405
OIL-000055,TXR-0009,2023-02-04,89.35153832898352,62.178092358109005
OIL-001324,TXR-0193,2024-05-04,86.04759571585542,54.83460529204638
OIL-000774,TXR-0113,2024-02-19,105.21157791444892,47.67113305247392
OIL-000763,TXR-0112,2023-12-12,66.17278245892614,68.51690017095126
OIL-001224,TXR-0177,2024-06-22,149.5444893693199,54.482484882484336
OIL-001028,TXR-0149,2024-01-14,25.283265440198292,53.28649158945623
OIL-001215,TXR-0176,2024-05-27,126.32215706839752,52.422765280827804
OIL-001542,TXR-0225,2023-05-28,24.275789606617135,48.03669739497155
OIL-001087,TXR-0158,2024-04-20,64.23070695124503,54.81195557569759
OIL-001357,TXR-0197,2023-12-26,36.63233227398021,71.31521495777139
OIL-000656,TXR-0097,2023-11-30,75.6681094533895,74.82487945494826
OIL-000012,TXR-0002,2023-03-20,88.12484635879004,51.73597976879768
OIL-000331,TXR-0052,2024-04-07,68.1644237841665,61.98908986053192
OIL-000420,TXR-0064,2024-05-13,120.94019376953698,64.89061820824473
OIL-000568,TXR-0083,2023-10-06,112.61491411396662,64.43590035620232
OIL-000207,TXR-0032,2024-06-12,65.80377916917654,70.58000930351668
OIL-001458,TXR-0212,2024-06-24,70.88929986636738,56.41633214677037
OIL-000124,TXR-0019,2023-05-26,173.40523937838032,64.16810879584368
OIL-001362,TXR-0198,2024-05-19,0.0,60.81112946794061
OIL-001202,TXR-0175,2024-05-27,32.56124033802821,62.75518112546933
OIL-001052,TXR-0154,2024-04-14,96.92159811013958,68.54407336509603
OIL-000131,TXR-0021,2024-01-14,63.176402087261536,57.18384178382501
OIL-000735,TXR-0108,2023-01-26,160.76295458276073,54.814540224200385
OIL-001117,TXR-0162,2024-06-21,114.57495758834483,54.467304489136126
OIL-001521,TXR-0222,2024-03-21,96.564841327814,73.35213674335813
OIL-001084,TXR-0158,2023-03-07,22.43451518042357,57.81492228476985
OIL-000551,TXR-0081,2023-06-08,-86.3145862321356,58.85337093688332
OIL-001561,TXR-0228,2023-06-30,45.55741633343993,47.3961581318724
OIL-000650,TXR-0096,2024-06-16,83.04774407827257,71.10935567954341
OIL-000644,TXR-0096,2023-05-07,80.2055583186505,59.15204938364087
OIL-000335,TXR-0053,2024-01-04,69.6822444567852,57.23304468459139
OIL-001218,TXR-0177,2023-06-22,156.14759881667558,49.126911840482876
OIL-000060,TXR-0010,2023-04-15,126.20184097664392,56.44597987912287
OIL-000952,TXR-0137,2024-02-05,127.04170422182844,63.73480789768029
OIL-000121,TXR-0019,2024-02-18,151.93577241186634,60.28886026956698
OIL-000757,TXR-0111,2023-01-09,120.88142342691138,68.10564483334187
OIL-000354,TXR-0056,2024-01-03,255.08476882657382,34.95214337662305
OIL-000140,TXR-0023,2023-08-26,95.0359756050252,56.846267851391026
OIL-000872,TXR-0126,2024-02-25,75.5797799143463,60.52567030171395
OIL-000571,TXR-0084,2023-11-16,0.0,67.37484230419616
OIL-001471,TXR-0214,2023-05-20,48.72466363179227,58.66929524260409
OIL-001268,TXR-0185,2023-04-16,88.36916312989034,49.33290281140307
OIL-000904,TXR-0131,2023-08-11,73.93287508721208,51.983932067603035
OIL-001140,TXR-0166,2023-12-30,147.91065067851284,48.67814260133254
OIL-001095,TXR-0159,2024-03-14,85.59536174407992,42.56599577330604
OIL-000317,TXR-0050,2023-09-09,52.289085203764586,54.15471411148832
OIL-000778,TXR-0114,2023-05-20,59.660957479854005,57.14806907138007
OIL-000530,TXR-0079,2024-06-01,59.04144959748199,50.32438102552013
OIL-001057,TXR-0154,2023-04-03,104.33980189970501,60.42617297731126
OIL-000731,TXR-0107,2023-01-01,293.591815606451,48.865138596735505
OIL-001133,TXR-0165,2023-10-13,116.78033362561834,62.48061856518873
OIL-001327,TXR-0194,2023-06-06,120.41308031793024,65.46226071115186
OIL-001529,TXR-0223,2023-11-09,126.81796193843438,62.663135210967624
OIL-000957,TXR-0138,2023-12-27,102.8963789682572,54.60513493194388
OIL-001091,TXR-0159,2023-08-27,86.48075408898261,38.02950125703899
OIL-000761,TXR-0112,2023-10-12,61.683188713656854,64.43471225815298
OIL-000255,TXR-0041,2023-07-10,128.65579253213008,62.71084192614007
OIL-001420,TXR-0208,2023-07-24,54.11682412873155,58.150786859398735
OIL-000341,TXR-0053,2024-01-13,87.02937977639483,47.163397241495495
OIL-001496,TXR-0219,2023-12-29,20.708060102414503,35.02097890211466
OIL-001223,TXR-0177,2024-02-01,151.39033551671653,58.3983895539292
OIL-000208,TXR-0032,2024-04-12,90.28270757138853,63.9380958120944
OIL-000436,TXR-0066,2023-09-12,32.985490149335206,62.28367810712433
OIL-001259,TXR-0184,2024-05-30,73.70501103981547,59.25813536371196
OIL-000584,TXR-0086,2023-05-10,90.8045878089249,56.72817304083431
OIL-000502,TXR-0075,2023-06-07,94.732403271049,53.27395369074839
OIL-000818,TXR-0120,2023-04-16,95.02818168312709,54.83392835273174
OIL-001275,TXR-0186,2023-04-13,100.90931635164034,57.18309087155296
OIL-000741,TXR-0109,2023-08-15,33.44921117831187,64.11523220348853
OIL-000305,TXR-0048,2023-11-09,55.29066820133292,65.09644252821569
OIL-000457,TXR-0068,2024-05-26,122.52928412749424,34.10447269130114
OIL-001088,TXR-0159,2023-08-14,88.31468524556097,52.16357300558628
OIL-001276,TXR-0186,2023-04-03,134.52627339215894,52.76348543190979
OIL-000454,TXR-0068,2023-03-08,133.4698196352973,37.97295273008118
OIL-000675,TXR-0099,2023-01-27,131.33518031036235,41.21527013617527
OIL-000312,TXR-0049,2023-09-30,160.68033663755654,54.26407140477184
OIL-000873,TXR-0127,2023-06-06,108.49835737884311,48.24909987482359
OIL-000389,TXR-0059,2023-12-31,97.11669727330744,49.363724306454394
OIL-000843,TXR-0123,2023-11-10,34.28677557166608,47.185076561930046
OIL-000434,TXR-0066,2023-08-13,40.43465488635785,67.91086395234102
OIL-000528,TXR-0078,2023-04-21,153.90204913541146,42.39437638111028
OIL-001222,TXR-0177,2023-05-03,130.40756973312998,61.870418401926514
OIL-001291,TXR-0188,2023-09-11,95.2068530898958,57.83893732864806
OIL-000594,TXR-0088,2023-06-05,133.88503541635734,38.6790308257584
OIL-000161,TXR-0026,2023-05-02,117.12024603185208,56.46087899174592
OIL-000196,TXR-0031,2024-04-22,90.57774298900578,58.912428534891504
OIL-001169,TXR-0170,2023-05-06,78.37731449312082,53.610452373368446
OIL-001378,TXR-0200,2024-03-19,126.32044153432366,47.82960168866571
OIL-000520,TXR-0077,2023-07-31,213.99565950608894,71.14364569710023
OIL-001389,TXR-0202,2023-01-28,60.862453395415294,53.78450252623588
OIL-000535,TXR-0079,2023-04-08,61.62166021621696,49.20120047458741
OIL-001135,TXR-0165,2023-02-28,129.69353006937334,56.44993793931483
OIL-001157,TXR-0168,2023-06-25,15.693131932786878,52.76788420821928
OIL-000302,TXR-0048,2023-06-16,36.138373780201526,65.94303016141727
OIL-001439,TXR-0210,2023-08-17,78.27610083403651,45.52478993397664
OIL-001204,TXR-0175,2023-09-16,44.83946401978774,62.14522290789699
OIL-001010,TXR-0147,2023-09-14,120.79877385514968,56.04058892446017
OIL-001168,TXR-0170,2023-12-17,77.66422250789431,59.31716834286637
OIL-000750,TXR-0110,2024-06-03,27.2416603616496,53.662754757403114
OIL-000215,TXR-0034,2023-02-17,98.14513832835209,50.59709379929816
OIL-001271,TXR-0185,2023-09-13,67.55843145884279,50.804158180497325
OIL-000811,TXR-0119,2023-11-24,84.077430727875,55.96037117688892
OIL-000328,TXR-0052,2023-06-12,112.776187349719,58.091977703458404
OIL-001072,TXR-0157,2024-01-10,125.81625381521557,58.300771075832785
OIL-001589,TXR-0231,2024-06-25,281.4170418009272,52.15552446229417
OIL-001051,TXR-0153,2023-06-02,156.40819062007384,59.03858396072891
OIL-000651,TXR-0096,2023-12-13,104.2101430588421,50.77966817555675
OIL-000372,TXR-0058,2023-12-09,44.3838868785982,40.91678614144344
OIL-000134,TXR-0022,2024-03-26,109.4895829586649,50.65771434047167
OIL-001272,TXR-0185,2023-01-25,96.52041334826873,48.23690755636954
OIL-000105,TXR-0016,2023-08-28,137.01094151830165,73.82558328430733
OIL-000325,TXR-0051,2023-10-12,73.22392749577769,54.66358319212059
OIL-001015,TXR-0147,2023-05-03,134.08464209218374,52.84917788745876
OIL-000431,TXR-0066,2023-06-13,46.28643484544478,61.890691403523384
OIL-000768,TXR-0113,2023-05-30,50.52975312480558,58.26036440131844
OIL-000816,TXR-0119,2023-05-19,100.19127461919449,52.62135266455999
OIL-000758,TXR-0112,2023-08-28,58.988955494159505,63.940641186871225
OIL-000828,TXR-0121,2023-11-02,111.77893940008448,53.34623865441825
OIL-001262,TXR-0184,2024-04-27,62.63213902739319,56.731463953013645
OIL-000753,TXR-0111,2024-02-05,121.58804930986255,55.94175052499279
OIL-000717,TXR-0105,2023-07-15,87.55222940395397,52.43176176793502
OIL-000139,TXR-0023,2024-01-26,78.7380197979748,48.49818790576695
OIL-001042,TXR-0153,2023-10-25,164.66152235917005,57.79678791871235
OIL-000822,TXR-0120,2023-07-01,97.49820740567384,55.049140637383154
OIL-000799,TXR-0117,2023-07-20,126.09837113966495,59.921740198392094
OIL-001060,TXR-0155,2023-05-21,20.11846469084929,48.09062527115682
OIL-001308,TXR-0191,2023-02-25,91.35504746132878,54.32860332414854
OIL-000555,TXR-0082,2023-08-24,351.1787940442965,51.13790151267958
OIL-000820,TXR-0120,2023-03-19,74.672973203051,54.619324024042015
OIL-000246,TXR-0040,2024-02-01,121.28603855360484,48.521332717716355
OIL-001299,TXR-0189,2024-03-03,163.5300212440766,62.32538874634994
OIL-001402,TXR-0205,2023-12-06,196.21588916892148,36.74522058684538
OIL-000792,TXR-0116,2024-04-07,140.60087061082254,64.1223633249246
OIL-000373,TXR-0058,2023-08-19,41.710443640801415,51.886909053765535
OIL-000924,TXR-0133,2023-02-01,44.01920089552027,58.422099618301345
OIL-000752,TXR-0111,2024-03-22,112.61011793588901,59.9968353404789
OIL-000880,TXR-0128,2024-05-03,68.45975437155387,50.87801025605673
OIL-000171,TXR-0027,2023-07-17,71.03056271749291,59.13500363962359
OIL-000046,TXR-0007,2023-03-05,91.65125625365893,46.51985649492822
OIL-000230,TXR-0037,2023-01-07,88.8728325102972,66.77894439806408
OIL-000541,TXR-0080,2024-03-29,125.69741775292981,55.64491412706207
OIL-001535,TXR-0224,2023-02-16,88.0012400125193,48.45847586592021
OIL-000167,TXR-0026,2023-05-15,129.10874155734913,61.751983352818044
OIL-000091,TXR-0015,2024-03-27,2.092808155665473,54.056794716338615
OIL-000622,TXR-0091,2024-01-18,109.28954879107701,57.5731298568748
